REGIONAL;CODIGO UNIDAD;TIPO;APERTURA;Riesgo psicosocial_AÑO 2025_ESTRÉS_Riesgo muy alto;Riesgo psicosocial_AÑO 2025_ESTRÉS_Riesgo alto;Riesgo psicosocial_AÑO 2025_ESTRÉS_Riesgo medio;Riesgo psicosocial_AÑO 2025_ESTRÉS_Riesgo bajo;Riesgo psicosocial_AÑO 2025_ESTRÉS_Sin riesgo;Riesgo psicosocial_AÑO 2025_INTRALABORALES_Riesgo muy alto;Riesgo psicosocial_AÑO 2025_INTRALABORALES_Riesgo alto;Riesgo psicosocial_AÑO 2025_INTRALABORALES_Riesgo medio;Riesgo psicosocial_AÑO 2025_INTRALABORALES_Riesgo bajo;Riesgo psicosocial_AÑO 2025_INTRALABORALES_Sin riesgo;Riesgo psicosocial_AÑO 2025_EXTRABORALES_Riesgo muy alto;Riesgo psicosocial_AÑO 2025_EXTRABORALES_Riesgo alto;Riesgo psicosocial_AÑO 2025_EXTRABORALES_Riesgo medio;Riesgo psicosocial_AÑO 2025_EXTRABORALES_Riesgo bajo;Riesgo psicosocial_AÑO 2025_EXTRABORALES_Sin riesgo;Riesgo psicosocial_AÑO 2023_ESTRÉS_Riesgo muy alto;Riesgo psicosocial_AÑO 2023_ESTRÉS_Riesgo alto;Riesgo psicosocial_AÑO 2023_ESTRÉS_Riesgo medio;Riesgo psicosocial_AÑO 2023_ESTRÉS_Riesgo bajo;Riesgo psicosocial_AÑO 2023_ESTRÉS_Sin riesgo;Riesgo psicosocial_AÑO 2023_INTRALABORALES_Riesgo muy alto;Riesgo psicosocial_AÑO 2023_INTRALABORALES_Riesgo alto;Riesgo psicosocial_AÑO 2023_INTRALABORALES_Riesgo medio;Riesgo psicosocial_AÑO 2023_INTRALABORALES_Riesgo bajo;Riesgo psicosocial_AÑO 2023_INTRALABORALES_Sin riesgo;Riesgo psicosocial_AÑO 2023_EXTRABORALES_Riesgo muy alto;Riesgo psicosocial_AÑO 2023_EXTRABORALES_Riesgo alto;Riesgo psicosocial_AÑO 2023_EXTRABORALES_Riesgo medio;Riesgo psicosocial_AÑO 2023_EXTRABORALES_Riesgo bajo;Riesgo psicosocial_AÑO 2023_EXTRABORALES_Sin riesgo;Evaluación del desempeño_AÑO 2025_OBJETIVO;Evaluación del desempeño_AÑO 2025_COMPETENCIA;Evaluación del desempeño_AÑO 2025_RESULTADO;Evaluación del desempeño_AÑO 2025_INTERPRETACION;Evaluación del desempeño_AÑO 2024_OBJETIVO;Evaluación del desempeño_AÑO 2024_COMPETENCIA;Evaluación del desempeño_AÑO 2024_RESULTADO;Evaluación del desempeño_AÑO 2024_INTERPRETACION;Evaluación del desempeño_AÑO 2023_OBJETIVO;Evaluación del desempeño_AÑO 2023_COMPETENCIA;Evaluación del desempeño_AÑO 2023_RESULTADO;Evaluación del desempeño_AÑO 2023_INTERPRETACION;Evaluación del desempeño_AÑO 2022_OBJETIVO;Evaluación del desempeño_AÑO 2022_COMPETENCIA;Evaluación del desempeño_AÑO 2022_RESULTADO;Evaluación del desempeño_AÑO 2022_INTERPRETACION;Evaluación del desempeño_AÑO 2021_OBJETIVO;Evaluación del desempeño_AÑO 2021_COMPETENCIA;Evaluación del desempeño_AÑO 2021_RESULTADO;Evaluación del desempeño_AÑO 2021_INTERPRETACION;Evaluación del desempeño_AÑO 2020_OBJETIVO;Evaluación del desempeño_AÑO 2020_COMPETENCIA;Evaluación del desempeño_AÑO 2020_RESULTADO;Evaluación del desempeño_AÑO 2020_INTERPRETACION;Engagement_AÑO 2025_AMBIENTE LABORAL;Engagement_AÑO 2025_COMPROMISO;Engagement_AÑO 2025_INTERPRETACION
CAUCA;A4112       ;Regional;42036;0,315589354;0,247148289;0,216730038;0,106463878;0,114068441;0,133079848;0,201520913;0,258555133;0,220532319;0,186311787;0,197718631;0,212927757;0,25095057;0,140684411;0,197718631;0,162629758;0,186851211;0,242214533;0,155709343;0,252595156;0,093425606;0,173010381;0,211072664;0,249134948;0,273356401;0,162629758;0,186851211;0,242214533;0,155709343;0,252595156;0,897255455;0,885714286;0,893793104;Alto;0,6435;0,838055556;0,70782;Medio;0,699578571;0,844571429;0,743076429;Medio;0,837;0,8668;0,84594;Alto;0,90875;0,882986111;0,895868056;Alto;0,8515;0,859861111;0,855680556;Alto;0,963690476;1;Muy alto
CAUCA;A411243     ;PDA;39539;0,222222222;0,222222222;0,333333333;0,222222222;0;0,222222222;0,222222222;0,333333333;0,111111111;0,111111111;0,111111111;0,222222222;0,555555556;0,111111111;0;0,363636364;0,181818182;0;0,272727273;0,181818182;0,090909091;0,090909091;0,181818182;0,454545455;0,181818182;0,181818182;0,090909091;0,363636364;0,363636364;0;0,807467273;0,847272727;0,819408909;Alto;0,623636364;0,839141414;0,694909091;Medio;0,724494;0,8648;0,7658858;Alto;0,671465909;0,809636364;0,712917045;Medio;0,854166667;0,865509259;0,859837963;Alto;0,841818182;0,864646465;0,853232323;Alto;0,840530303;0,867424242;Medio
CAUCA;A411242     ;PDA;40026;0,444444444;0,333333333;0,222222222;0;0;0,222222222;0,222222222;0,111111111;0,444444444;0;0,111111111;0,333333333;0,333333333;0;0,222222222;0,416666667;0,166666667;0,166666667;0,25;0;0,083333333;0,333333333;0,333333333;0,166666667;0,083333333;0,25;0,25;0,083333333;0,166666667;0,25;0,835372727;0,865454545;0,844397273;Alto;0,676416667;0,833333333;0,723841667;Medio;0,707671818;0,855636364;0,751815636;Alto;0,856689583;0,788166667;0,836132708;Alto;0,8325;0,833912037;0,833206019;Alto;0,943333333;0,934606481;0,938969907;Muy alto;0,843402778;0,892361111;Medio
CAUCA;A411221     ;PDA;43661;0,333333333;0,166666667;0,5;0;0;0;0;0,666666667;0,166666667;0,166666667;0;0,666666667;0,333333333;0;0;0,666666667;0;0,111111111;0,111111111;0,111111111;0,222222222;0,222222222;0,555555556;0;0;0,444444444;0,333333333;0,222222222;0;0;0,8219625;0,867857143;0,835730893;Alto;0,747142857;0,856746032;0,782071429;Alto;0,6626;0,9076;0,7361;Medio;0,80725;0,7764;0,797995;Alto;0,8025;0,887152778;0,844826389;Alto;0,921111111;0,955092593;0,938101852;Muy alto;0,8921875;0,885416667;Alto
CAUCA;A411241     ;PDA;39539;0,125;0,5;0;0;0,375;0;0;0,25;0,25;0,5;0,125;0,25;0,125;0;0,5;0,142857143;0,285714286;0,285714286;0,285714286;0;0;0;0,142857143;0,571428571;0,285714286;0,142857143;0,142857143;0;0,285714286;0,428571429;0,87932875;0,879107143;0,879262268;Alto;0,7475;0,899479167;0,7950875;Alto;0,78424375;0,862;0,811208125;Alto;0,877857143;0,835428571;0,865128571;Alto;0,86375;0,867708333;0,865729167;Alto;0,91375;0,903472222;0,908611111;Muy alto;0,969270833;0,963541667;Muy alto
CAUCA;A411231     ;PDA;39873;0,090909091;0,181818182;0,363636364;0,272727273;0,090909091;0,090909091;0,181818182;0;0,454545455;0,272727273;0,090909091;0,181818182;0,272727273;0,363636364;0,090909091;0,416666667;0,166666667;0,083333333;0,083333333;0,25;0,083333333;0,166666667;0,333333333;0,166666667;0,25;0,166666667;0,083333333;0,583333333;0,083333333;0,083333333;0,888976923;0,887032967;0,888393736;Alto;0,770357143;0,935515873;0,824914286;Alto;0,579346364;0,820363636;0,652524273;Medio;0,831988636;0,857272727;0,839573864;Alto;0,862666667;0,853240741;0,857953704;Alto;0,8475;0,869791667;0,858645833;Alto;0,947916667;0,93452381;Alto
CAUCA;A41121      ;Agencia;31172;0,5;0,125;0,3125;0,0625;0;0,0625;0,4375;0,25;0,25;0;0,3125;0,3125;0,1875;0;0,1875;0,2;0,2;0,333333333;0,266666667;0;0;0,2;0,266666667;0,2;0,333333333;0,2;0,133333333;0,266666667;0,333333333;0,066666667;0,7786184;0,869428571;0,805861451;Alto;0,657428571;0,861309524;0,72112381;Medio;0,599554737;0,840315789;0,673067895;Medio;0,667118182;0,834363636;0,717291818;Medio;0,87;0,866964286;0,868482143;Alto;0,866153846;0,872222222;0,869188034;Alto;0,742424242;0,776515152;Medio
CAUCA;A41122      ;Agencia;41183;0,235294118;0,235294118;0,352941176;0,058823529;0,117647059;0,117647059;0,352941176;0,117647059;0,352941176;0,058823529;0,235294118;0,117647059;0,117647059;0,176470588;0,352941176;0,411764706;0,352941176;0,058823529;0;0,176470588;0,058823529;0,352941176;0,294117647;0,235294118;0,058823529;0,117647059;0,117647059;0,352941176;0,176470588;0,235294118;0,827140952;0,92292517;0,855876218;Alto;0,545014;0,894375;0,6551648;Medio;0,712471;0,9213;0,7798147;Alto;0,765011842;0,910105263;0,808539868;Alto;0,83;0,863819444;0,846909722;Alto;0,873333333;0,882936508;0,878134921;Alto;0,867763158;0,879385965;Alto
CAUCA;A41123      ;Agencia;38168;0,4;0,2;0,24;0,08;0,08;0,04;0,4;0,2;0,2;0,16;0,28;0,2;0,28;0,04;0,2;0,142857143;0,285714286;0,114285714;0,285714286;0,171428571;0,085714286;0,2;0,314285714;0,085714286;0,314285714;0,085714286;0,2;0,2;0,257142857;0,257142857;0,829146452;0,873271889;0,842384083;Alto;0,769967742;0,824551971;0,788280645;Alto;0,673168065;0,822774194;0,720169258;Medio;0,687105263;0,825210526;0,728536842;Medio;0,865277778;0,844351852;0,854814815;Alto;0,883888889;0,869598765;0,876743827;Alto;0,895295699;0,926075269;Alto
CAUCA;A41124      ;Agencia;39539;0,461538462;0,307692308;0,153846154;0;0,076923077;0,153846154;0;0,230769231;0,307692308;0,307692308;0,307692308;0;0,384615385;0,230769231;0,076923077;0,1875;0,375;0,125;0,125;0,1875;0;0;0,125;0,25;0,625;0,0625;0,25;0,0625;0,25;0,375;0,799156923;0,924505495;0,836761495;Alto;0,677928571;0,857142857;0,734714286;Medio;0,565178333;0,868666667;0,689655091;Medio;0,78274;0,876;0,810718;Alto;0,894285714;0,886210317;0,890248016;Alto;0,858;0,875925926;0,866962963;Alto;0,857552083;0,875;Alto
CAUCA;A41125      ;Agencia;38249;0,272727273;0,318181818;0,045454545;0,181818182;0,181818182;0,227272727;0,181818182;0,136363636;0,272727273;0,181818182;0,136363636;0,181818182;0,363636364;0,090909091;0,227272727;0,421052632;0,157894737;0,157894737;0,157894737;0,105263158;0,052631579;0,368421053;0,105263158;0,210526316;0,263157895;0,105263158;0,315789474;0,368421053;0;0,210526316;0,830937143;0,948095238;0,866084571;Alto;0,772190476;0,821296296;0,7865;Alto;0,6038375;0,8248;0,67183625;Medio;0,702685714;0,873619048;0,753965714;Alto;0,8348;0,852222222;0,843511111;Alto;0,855;0,835069444;0,845034722;Alto;0,811931818;0,835227273;Medio
CAUCA;A41126      ;Agencia;39814;0,263157895;0,210526316;0,210526316;0,157894737;0,157894737;0,105263158;0,210526316;0,315789474;0,052631579;0,315789474;0,210526316;0,157894737;0,315789474;0,052631579;0,263157895;0,333333333;0,095238095;0,238095238;0,142857143;0,19047619;0,047619048;0,095238095;0,238095238;0,238095238;0,380952381;0,285714286;0,047619048;0,238095238;0,047619048;0,380952381;0,8283652;0,899028571;0,849564211;Alto;0,681769231;0,896047009;0,750703846;Alto;0,531988636;0,879;0,655986905;Medio;0,768695652;0,900695652;0,808295652;Alto;0,861785714;0,859265873;0,860525794;Alto;0,887307692;0,878418803;0,882863248;Alto;0,885243056;0,888888889;Alto
CAUCA;A411251     ;Agencia;42546;0,352941176;0,235294118;0,176470588;0,176470588;0,058823529;0,235294118;0,235294118;0,235294118;0,117647059;0,176470588;0,235294118;0,235294118;0,058823529;0,294117647;0,176470588;0,235294118;0,117647059;0,058823529;0,235294118;0,352941176;0,058823529;0,058823529;0,176470588;0,470588235;0,235294118;0,117647059;0,352941176;0,235294118;0,176470588;0,117647059;0,818542222;0,884761905;0,838408127;Alto;0,6574;0,862708333;0,725775;Medio;0,694626111;0,817777778;0,733621611;Medio;0,733243421;0,898;0,782670395;Alto;0,758823529;0,775980392;0,767401961;Alto;0,885625;0,878472222;0,882048611;Alto;0,900833333;0,920833333;Alto
CAUCA;A41127      ;Agencia;34562;0,125;0,375;0,25;0,125;0,125;0;0,1875;0,3125;0,375;0,125;0,125;0,3125;0,125;0,25;0,1875;0,15;0,1;0,25;0,25;0,25;0;0,1;0,15;0,4;0,35;0,05;0,2;0,4;0,05;0,3;0,85053;0,900300752;0,854447647;Alto;0,743823529;0,896078431;0,791882353;Alto;0,656653846;0,884461538;0,724996154;Medio;0,60647625;0,8095;0,667383375;Medio;0,835217391;0,807910628;0,82156401;Alto;0,856666667;0,815972222;0,836319444;Alto;0,875438596;0,870614035;Alto
CAUCA;A411271     ;Agencia;40756;0,142857143;0,357142857;0,285714286;0,142857143;0,071428571;0;0,142857143;0,5;0,142857143;0,214285714;0,142857143;0,071428571;0,5;0,214285714;0,071428571;0,19047619;0,285714286;0,142857143;0,19047619;0,19047619;0,095238095;0,095238095;0,19047619;0,285714286;0,333333333;0,142857143;0,19047619;0,19047619;0,095238095;0,380952381;0,893042222;0,89484127;0,893581937;Alto;0,907;0,903594771;0,906288235;Muy alto;0,864783333;0,878933333;0,870101667;Alto;0,579920588;0,822470588;0,652685588;Medio;0,903684211;0,834429825;0,869057018;Alto;0,808947368;0,783333333;0,796140351;Alto;0,900490196;0,875;Alto
CAUCA;A41129      ;Agencia;43327;0,473684211;0,105263158;0,157894737;0,052631579;0,210526316;0,315789474;0,052631579;0,368421053;0;0,263157895;0,210526316;0,210526316;0,263157895;0,105263158;0,210526316;0,5;0,181818182;0,090909091;0,136363636;0,090909091;0,272727273;0,227272727;0,090909091;0,272727273;0,136363636;0,181818182;0,272727273;0,136363636;0,136363636;0,272727273;0,765570952;0,893945578;0,80408334;Alto;0,702333333;0,848875661;0,746580952;Medio;0,7683995;0,8482;0,79711465;Alto;0,609190476;0,829047619;0,675147619;Medio;0,833478261;0,924154589;0,878816425;Alto;0,8725;0,898561508;0,885530754;Alto;0,841458333;0,845833333;Medio
COSTA CENTRO;A4125       ;Regional;42036;0,237735849;0,2;0,154716981;0,203773585;0,203773585;0,147169811;0,173584906;0,203773585;0,226415094;0,249056604;0,113207547;0,19245283;0,19245283;0,18490566;0,316981132;0,075709779;0,157728707;0,23659306;0,192429022;0,337539432;0,047318612;0,132492114;0,1829653;0,302839117;0,334384858;0,075709779;0,157728707;0,23659306;0,192429022;0,337539432;0,869884667;0,866095238;0,868747838;Alto;0,795;0,894861111;0,82758;Alto;0,88575;0,855;0,87825;Alto;0,895;0,851;0,8818;Alto;0,808571429;0,868650794;0,838611111;Alto;0,851578947;0,872733918;0,862156433;Alto;0,944907407;0,976851852;Alto
COSTA CENTRO;A412532     ;PDA;41609;0;0,2;0;0,3;0,5;0,1;0;0,2;0,3;0,4;0;0,2;0,3;0,3;0,2;0,307692308;0,230769231;0,153846154;0,230769231;0,076923077;0;0,230769231;0,153846154;0,307692308;0,307692308;0,153846154;0,230769231;0,153846154;0,153846154;0,307692308;0,7962275;0,781071429;0,791680679;Alto;0,693636364;0,84709596;0,745409091;Medio;0,669444444;0,914666667;0,743011111;Medio;0,733928571;0,768285714;0,744235714;Medio;0,783;0,8275;0,80525;Alto;0,916666667;0,907777778;0,912222222;Muy alto;0,917948718;0,935897436;Alto
COSTA CENTRO;A412531     ;PDA;42023;0,090909091;0,272727273;0,181818182;0,363636364;0,090909091;0;0,272727273;0,272727273;0,181818182;0,272727273;0,090909091;0,181818182;0,363636364;0,090909091;0,272727273;0,2;0,133333333;0,2;0,266666667;0,2;0,066666667;0,2;0,066666667;0,4;0,266666667;0,133333333;0,266666667;0,133333333;0,2;0,266666667;0,821;0,892653061;0,851695918;Alto;0,503461538;0,814957265;0,604346154;Medio;0,822384615;0,852923077;0,833646154;Alto;0,814;0,8008;0,81004;Alto;0,8215625;0,789149306;0,805355903;Alto;0,799444444;0,84845679;0,823950617;Alto;0,922916667;0,901785714;Alto
COSTA CENTRO;A412581     ;PDA;39569;0,363636364;0,272727273;0,181818182;0,181818182;0;0,363636364;0,272727273;0,181818182;0,090909091;0,090909091;0,454545455;0,181818182;0,272727273;0,090909091;0;0,3125;0,3125;0,0625;0,125;0,1875;0;0,125;0,125;0,3125;0,4375;0,1875;0,0625;0,375;0,25;0,125;0,794715625;0,859464286;0,814140223;Alto;0,855923077;0,890384615;0,865892308;Alto;0,727;0,804;0,751866667;Alto;0,91703125;0,850875;0,897184375;Alto;0,793846154;0,884615385;0,839230769;Alto;0,9075;0,911545139;0,909522569;Muy alto;0,972083333;0,954166667;Muy alto
COSTA CENTRO;A412541     ;PDA;41183;0,071428571;0,142857143;0,214285714;0,428571429;0,142857143;0;0;0,071428571;0,285714286;0,642857143;0;0,071428571;0,142857143;0,142857143;0,642857143;0,285714286;0,142857143;0,071428571;0,214285714;0,285714286;0,071428571;0,142857143;0,142857143;0,285714286;0,357142857;0,071428571;0,285714286;0,142857143;0,071428571;0,428571429;0,730625;0,930267857;0,790517857;Alto;0,667933333;0,8725;0,731513333;Medio;0,8405;0,834;0,8402;Alto;0,818571429;0,832714286;0,822814286;Alto;0,929285714;0,812698413;0,870992063;Alto;0,809333333;0,898981481;0,854157407;Alto;0,972222222;0,966666667;Muy alto
COSTA CENTRO;A412582     ;PDA;42430;0,083333333;0,083333333;0,416666667;0;0,416666667;0;0,166666667;0;0,166666667;0,666666667;0,083333333;0,25;0;0,166666667;0,5;0,117647059;0,176470588;0,235294118;0,176470588;0,294117647;0;0,294117647;0,117647059;0,235294118;0,352941176;0,058823529;0,176470588;0,117647059;0,235294118;0,411764706;0,869237143;0,933877551;0,888629265;Alto;0,795666667;0,875277778;0,821053333;Alto;0,837142857;0,840857143;0,838257143;Alto;0,802647059;0,836705882;0,812864706;Alto;0,821764706;0,812254902;0,817009804;Alto;0,82375;0,83671875;0,830234375;Alto;0,96547619;0,93452381;Muy alto
COSTA CENTRO;A41252      ;Agencia;37435;0,294117647;0,117647059;0,117647059;0,235294118;0,235294118;0,176470588;0,294117647;0,117647059;0,235294118;0,176470588;0;0,352941176;0,058823529;0,235294118;0,352941176;0,222222222;0,111111111;0,111111111;0,296296296;0,259259259;0,074074074;0,185185185;0,111111111;0,222222222;0,407407407;0,148148148;0,074074074;0,333333333;0,111111111;0,333333333;0,758397826;0,842173913;0,783530652;Alto;0,583045455;0,837563131;0,667086364;Medio;0,636428571;0,863238095;0,70662381;Medio;0,771634615;0,810538462;0,783305769;Alto;0,65;0,850154321;0,75007716;Alto;0,631071429;0,815277778;0,723174603;Medio;0,909429825;0,916666667;Alto
COSTA CENTRO;A41253      ;Agencia;38180;0,066666667;0,066666667;0,2;0,266666667;0,4;0,066666667;0,2;0,2;0,133333333;0,4;0,066666667;0,2;0;0,266666667;0,466666667;0,052631579;0,157894737;0,263157895;0,315789474;0,210526316;0,052631579;0,052631579;0,315789474;0,315789474;0,263157895;0;0,157894737;0,368421053;0,052631579;0,421052632;0,806949474;0,868571429;0,82543606;Alto;0,633578947;0,912792398;0,720294737;Medio;0,569176471;0,870941176;0,660076471;Medio;0,695694444;0,788888889;0,723652778;Medio;0,780526316;0,820760234;0,800643275;Alto;0,641578947;0,860307018;0,750942982;Alto;0,882352941;0,901960784;Alto
COSTA CENTRO;A41254      ;Agencia;38930;0;0,4;0,133333333;0,2;0,266666667;0;0,133333333;0,133333333;0,4;0,333333333;0;0,133333333;0,133333333;0,333333333;0,4;0,037037037;0,222222222;0;0,37037037;0,37037037;0,037037037;0,037037037;0,111111111;0,259259259;0,555555556;0;0,185185185;0,074074074;0,259259259;0,481481481;0,820333333;0,844642857;0,82762619;Alto;0,785681818;0,865277778;0,811672727;Alto;0,8081;0,8601;0,824015;Alto;0,827232143;0,842214286;0,831726786;Alto;0,683225806;0,932795699;0,808010753;Alto;0,921935484;0,921166155;0,921550819;Muy alto;0,943560606;0,960227273;Alto
COSTA CENTRO;A41255      ;Agencia;38600;0,5;0,15;0,1;0,05;0,2;0,2;0,3;0,15;0,2;0,15;0,15;0,1;0,25;0,2;0,3;0,071428571;0,142857143;0,214285714;0,214285714;0,357142857;0,071428571;0,107142857;0,071428571;0,321428571;0,428571429;0,035714286;0,107142857;0,107142857;0,357142857;0,392857143;0,798055769;0,873791209;0,820776401;Alto;0,537230769;0,894284188;0,646103846;Medio;0,603115385;0,802846154;0,665238462;Medio;0,755555556;0,824814815;0,776333333;Alto;0,795714286;0,81235119;0,804032738;Alto;0,827142857;0,807291667;0,817217262;Alto;0,873106061;0,876893939;Alto
COSTA CENTRO;A41256      ;Agencia;40238;0,095238095;0,047619048;0,142857143;0,285714286;0,428571429;0;0;0,142857143;0,285714286;0,571428571;0;0,238095238;0,095238095;0,095238095;0,571428571;0,083333333;0,125;0,041666667;0,333333333;0,416666667;0,083333333;0,125;0,125;0,25;0,416666667;0,041666667;0,083333333;0,25;0,041666667;0,583333333;0,763141667;0,898988095;0,803895595;Alto;0,814464286;0,865178571;0,830214286;Alto;0,729347826;0,918608696;0,788356522;Alto;0,773416667;0,8114;0,784811667;Alto;0,848888889;0,808179012;0,828533951;Alto;0,858965517;0,8213711;0,840168309;Alto;0,915666667;0,916666667;Alto
COSTA CENTRO;A41257      ;Agencia;39600;0,166666667;0,222222222;0,277777778;0,111111111;0,222222222;0,111111111;0,166666667;0,222222222;0,444444444;0,055555556;0,055555556;0,277777778;0,222222222;0,222222222;0,222222222;0,129032258;0,161290323;0,322580645;0,258064516;0,129032258;0,032258065;0,225806452;0,258064516;0,258064516;0,225806452;0,064516129;0,096774194;0,387096774;0,225806452;0,225806452;0,7767424;0,891257143;0,811096823;Alto;0,685846154;0,85042735;0,736919231;Medio;0,55356875;0,843916667;0,641702292;Medio;0,726854839;0,910129032;0,781837097;Alto;0,795517241;0,774233716;0,784875479;Alto;0,827741935;0,83938172;0,833561828;Alto;0,777333333;0,788333333;Medio
COSTA CENTRO;A41258      ;Agencia;39252;0,368421053;0,210526316;0,052631579;0,210526316;0,157894737;0,157894737;0,210526316;0,105263158;0,368421053;0,157894737;0,157894737;0,315789474;0,105263158;0,105263158;0,315789474;0,285714286;0,214285714;0,214285714;0,142857143;0,142857143;0;0;0,214285714;0,428571429;0,357142857;0;0,214285714;0,285714286;0,214285714;0,285714286;0,7705;0,848642857;0,793942857;Alto;0,806904762;0,845238095;0,818519048;Alto;0,7109;0,876;0,820055556;Alto;0,74371;0,83424;0,770869;Alto;0,766;0,811055556;0,788527778;Alto;0,848333333;0,861979167;0,85515625;Alto;0,865972222;0,888888889;Alto
COSTA CENTRO;A412511     ;Agencia;38089;0,238095238;0,428571429;0;0,238095238;0,095238095;0,19047619;0,095238095;0,333333333;0,19047619;0,19047619;0,238095238;0,142857143;0,19047619;0,19047619;0,238095238;0,379310345;0,172413793;0,137931034;0,068965517;0,24137931;0,068965517;0,103448276;0,24137931;0,310344828;0,275862069;0,137931034;0,206896552;0,172413793;0,172413793;0,310344828;0,797333929;0,898979592;0,827827628;Alto;0,542034483;0,933477011;0,666989655;Medio;0,593166667;0,893416667;0,6842125;Medio;0,865403226;0,874774194;0,868214516;Alto;0,6875;0,913293651;0,800396825;Alto;0,777241379;0,891293103;0,834267241;Alto;0,847463768;0,851449275;Medio
COSTA CENTRO;A412512     ;Agencia;39904;0,5;0,1;0,2;0,05;0,15;0,3;0,25;0,15;0,15;0,15;0,15;0,05;0,35;0,1;0,35;0,380952381;0,19047619;0,238095238;0,095238095;0,095238095;0,095238095;0,142857143;0,380952381;0,333333333;0,047619048;0,095238095;0,285714286;0,238095238;0,238095238;0,142857143;0,777211852;0,921216931;0,820413376;Alto;0,777074074;0,85617284;0,801414815;Alto;0,88804;0,92576;0,899476;Alto;0,889333333;0,822866667;0,869393333;Alto;0,703214286;0,845585317;0,774399802;Alto;0,849259259;0,849742798;0,849501029;Alto;0,895666667;0,905;Alto
COSTA CENTRO;A412513     ;Agencia;38596;0,173913043;0,304347826;0,173913043;0,304347826;0,043478261;0,173913043;0,130434783;0,52173913;0,130434783;0,043478261;0,086956522;0,173913043;0,260869565;0,347826087;0,130434783;0;0;0,5;0,5;0;0;0;0;0,5;0,5;0;0;0,5;0,5;0;0,747418519;0,867513228;0,783446931;Alto;0,563071429;0,82296627;0,644053571;Medio;0,193666667;0,88525;0,780566667;Alto;0,739174435;0,805096774;0,758951137;Alto;0,875806452;0,848547107;0,862176779;Alto;0,846333333;0,901898148;0,874115741;Alto;0,834469697;0,854166667;Medio
COSTA CENTRO;A4125131    ;Agencia;39904;0,5;0,166666667;0,166666667;0,111111111;0,055555556;0,388888889;0,277777778;0,277777778;0,055555556;0;0,277777778;0,222222222;0,333333333;0,055555556;0,111111111;0,2;0,25;0,25;0,25;0,05;0;0,05;0,3;0,4;0,25;0,05;0,1;0,35;0,2;0,3;0,812278571;0,856462585;0,825533776;Alto;0,7464;0,810972222;0,767455;Alto;0,47075;0,8443;0,58089745;Bajo;0,828958333;0,86975;0,841195833;Alto;0,892380952;0,862367725;0,877374339;Alto;0,963157895;0,938377193;0,950767544;Muy alto;0,698026316;0,629385965;Bajo
COSTA OCCIDENTE;A4126       ;Regional;42036;0,387283237;0,196531792;0,167630058;0,132947977;0,115606936;0,242774566;0,248554913;0,202312139;0,156069364;0,150289017;0,196531792;0,225433526;0,202312139;0,10982659;0,265895954;0,151394422;0,183266932;0,258964143;0,139442231;0,266932271;0,099601594;0,231075697;0,211155378;0,266932271;0,19123506;0,151394422;0,183266932;0,258964143;0,139442231;0,266932271;0,833385714;0,833877551;0,833533265;Alto;0,717785714;0,865575397;0,766692857;Alto;0,760285714;0,867;0,792514286;Alto;0,841785714;0,866285714;0,849135714;Alto;0,78;0,834232026;0,807116013;Alto;0,800833333;0,86244213;0,831637731;Alto;0,847222222;0,875;Medio
COSTA OCCIDENTE;A4126121    ;PDA;39692;0,307692308;0,230769231;0,076923077;0,384615385;0;0,384615385;0,076923077;0,153846154;0,076923077;0,307692308;0,230769231;0,076923077;0,230769231;0,153846154;0,307692308;0,263157895;0,210526316;0,157894737;0,315789474;0,052631579;0;0,315789474;0,105263158;0,315789474;0,263157895;0,052631579;0,052631579;0,210526316;0,210526316;0,473684211;0,749201667;0,867380952;0,784655452;Alto;0,43235;0,877430556;0,577675;Bajo;0,609444444;0,890444444;0,696661111;Medio;0,879125;0,8921;0,8830175;Alto;0,813333333;0,88478836;0,849060847;Alto;0,942;0,937083333;0,939541667;Muy alto;0,838194444;0,868055556;Medio
COSTA OCCIDENTE;A412651     ;PDA;39904;0,454545455;0,272727273;0,090909091;0,090909091;0,090909091;0;0,363636364;0,272727273;0,181818182;0,181818182;0,090909091;0,545454545;0;0,090909091;0,272727273;0,4375;0,25;0,125;0,1875;0;0,0625;0,1875;0,3125;0,375;0,0625;0,25;0,3125;0,25;0,0625;0,125;0,819785714;0,94744898;0,858084694;Alto;0,809285714;0,880654762;0,832671429;Alto;0,823642857;0,855285714;0,837257143;Alto;0,806610938;0,82125;0,811002656;Alto;0,863125;0,781770833;0,822447917;Alto;0,691333333;0,883650794;0,787492063;Alto;0,826190476;0,842261905;Medio
COSTA OCCIDENTE;A4126131    ;PDA;40695;0,4;0,3;0,2;0,1;0;0,3;0,2;0,1;0,2;0,2;0,1;0,1;0,2;0;0,6;0,352941176;0,176470588;0,176470588;0,294117647;0;0;0,176470588;0,411764706;0,176470588;0,235294118;0,058823529;0,352941176;0,176470588;0,176470588;0,235294118;0,751671429;0,892755102;0,793996531;Alto;0,549071429;0,801289683;0,632192857;Medio;0,659428571;0,814142857;0,706178571;Medio;0,7045;0,789466667;0,72999;Medio;0,815;0,822048611;0,818524306;Alto;0,87;0,865885417;0,867942708;Alto;0,813690476;0,81547619;Medio
COSTA OCCIDENTE;A412611     ;Agencia;39904;0,222222222;0,222222222;0,166666667;0,055555556;0,333333333;0,277777778;0,388888889;0,111111111;0,055555556;0,166666667;0,166666667;0,222222222;0,166666667;0,055555556;0,388888889;0,357142857;0,25;0,142857143;0,142857143;0,107142857;0,178571429;0,25;0,285714286;0,178571429;0,107142857;0,178571429;0,107142857;0,321428571;0,142857143;0,25;0,745969375;0,821696429;0,768687491;Alto;0,674322581;0,86061828;0,734629032;Medio;0,5828;0,8118;0,65678;Medio;0,708965517;0,813724138;0,740393103;Medio;0,681190476;0,72296627;0,702078373;Medio;0,80862069;0,909051724;0,858836207;Alto;0,794927536;0,80615942;Medio
COSTA OCCIDENTE;A412612     ;Agencia;38604;0,347826087;0,130434783;0,173913043;0,217391304;0,130434783;0,391304348;0,173913043;0,086956522;0,217391304;0,130434783;0,217391304;0,260869565;0,217391304;0;0,304347826;0,322580645;0,225806452;0,129032258;0,161290323;0,161290323;0,193548387;0,35483871;0,096774194;0,193548387;0,161290323;0,096774194;0,225806452;0,322580645;0,096774194;0,258064516;0,755824063;0,788973214;0,765768808;Alto;0,58803125;0,795876736;0,65555;Medio;0,5521875;0,8284375;0,636834375;Medio;0,757758621;0,837655172;0,781727586;Alto;0,683928571;0,791815476;0,737872024;Medio;0,843214286;0,839434524;0,841324405;Alto;0,831944444;0,859567901;Medio
COSTA OCCIDENTE;A41264      ;Agencia;39814;0,333333333;0,166666667;0,5;0;0;0,166666667;0,083333333;0,583333333;0,166666667;0;0,166666667;0,166666667;0,25;0,166666667;0,25;0,238095238;0,285714286;0,19047619;0,095238095;0,19047619;0,095238095;0,095238095;0,142857143;0,285714286;0,380952381;0,238095238;0,095238095;0,333333333;0,095238095;0,238095238;0,781375;0,877946429;0,810346429;Alto;0,545714286;0,839384921;0,640792857;Medio;0,614714286;0,879285714;0,724830769;Medio;0,841176471;0,884588235;0,8542;Alto;0,7875;0,883888889;0,835694444;Alto;0,861;0,896805556;0,878902778;Alto;0,870833333;0,895833333;Alto
COSTA OCCIDENTE;A41265      ;Agencia;38589;0,409090909;0,227272727;0,090909091;0,181818182;0,090909091;0,181818182;0,181818182;0,272727273;0,318181818;0,045454545;0,090909091;0,363636364;0,227272727;0,227272727;0,090909091;0,24137931;0,137931034;0,172413793;0,137931034;0,310344828;0;0,206896552;0,24137931;0,310344828;0,24137931;0,137931034;0,206896552;0,24137931;0,137931034;0,275862069;0,775728095;0,904761905;0,814438238;Alto;0,656190476;0,812169312;0,708828571;Medio;0,667578947;0,903578947;0,737126316;Medio;0,557286905;0,808666667;0,632700833;Medio;0,7945;0,782847222;0,788673611;Alto;0,812142857;0,829563492;0,820853175;Alto;0,839705882;0,855392157;Medio
COSTA OCCIDENTE;A41266      ;Agencia;40330;0,428571429;0,357142857;0;0,142857143;0,071428571;0,285714286;0,428571429;0;0,142857143;0,142857143;0,5;0,214285714;0,142857143;0;0,142857143;0,5;0,227272727;0,181818182;0,045454545;0,045454545;0,318181818;0,181818182;0,181818182;0,136363636;0,181818182;0,272727273;0,181818182;0,227272727;0,181818182;0,136363636;0,794848824;0,842016807;0,808999218;Alto;0,532277778;0,821064815;0,626733333;Medio;0,709;0,828222222;0,748161111;Medio;0,705681818;0,819727273;0,739895455;Medio;0,841904762;0,86223545;0,852070106;Alto;0,8505;0,898958333;0,874729167;Alto;0,772435897;0,78525641;Medio
COSTA OCCIDENTE;A41267      ;Agencia;39904;0,368421053;0,210526316;0,210526316;0,105263158;0,105263158;0,210526316;0,263157895;0,315789474;0;0,210526316;0,157894737;0,157894737;0,315789474;0,105263158;0,263157895;0,192307692;0,423076923;0,153846154;0,192307692;0,038461538;0,038461538;0,230769231;0,307692308;0,307692308;0,115384615;0,153846154;0,153846154;0,307692308;0,153846154;0,230769231;0,750551905;0,857959184;0,782774088;Alto;0,756619048;0,889153439;0,800704762;Alto;0,673904762;0,843428571;0,72657619;Medio;0,656818;0,82632;0,7076686;Medio;0,777692308;0,823824786;0,800758547;Alto;0,6572;0,818111111;0,737655556;Medio;0,854583333;0,860416667;Alto
COSTA OCCIDENTE;A412613     ;Agencia;39873;0,75;0;0,083333333;0;0,166666667;0,083333333;0,333333333;0,25;0,083333333;0,25;0,166666667;0,083333333;0,166666667;0,25;0,333333333;0,444444444;0,166666667;0,111111111;0,111111111;0,166666667;0;0,277777778;0,111111111;0,444444444;0,166666667;0,055555556;0,277777778;0,166666667;0,055555556;0,444444444;0,717085556;0,90531746;0,773555127;Alto;0,54425;0,767013889;0,617365;Medio;0,66975;0,8211;0,716195;Medio;0,76953125;0,93675;0,819696875;Alto;0,741428571;0,840740741;0,791084656;Alto;0,8815;0,898402778;0,889951389;Alto;0,900961538;0,894230769;Alto
COSTA OCCIDENTE;A41268      ;Agencia;42107;0,368421053;0,105263158;0,263157895;0,105263158;0,157894737;0,263157895;0,263157895;0,157894737;0,210526316;0,105263158;0,263157895;0,210526316;0,210526316;0,157894737;0,157894737;0,238095238;0,142857143;0,238095238;0,19047619;0,19047619;0,142857143;0,142857143;0,19047619;0,333333333;0,19047619;0,19047619;0,142857143;0,142857143;0,238095238;0,285714286;0,805937059;0,892941176;0,832038294;Alto;0,495789474;0,87880117;0,617994737;Medio;0,832578947;0,860631579;0,843921053;Alto;0,760978261;0,844521739;0,786041304;Alto;0,68;0,780489418;0,730244709;Medio;0,781428571;0,896097884;0,838763228;Alto;0,875520833;0,875;Alto
COSTA ORIENTE;A4127       ;Regional;42036;0,289340102;0,258883249;0,111675127;0,192893401;0,147208122;0,116751269;0,192893401;0,233502538;0,269035533;0,187817259;0,086294416;0,172588832;0,208121827;0,172588832;0,360406091;0,148148148;0,17989418;0,216931217;0,195767196;0,259259259;0,074074074;0,216931217;0,232804233;0,248677249;0,227513228;0,148148148;0,17989418;0,216931217;0,195767196;0,259259259;0,827996;0,865;0,8390972;Alto;0,785;0,839197531;0,799222222;Alto;0,690833333;0,900333333;0,84442;Alto;0,854375;0,9045;0,8694125;Alto;0,961428571;0,938095238;0,949761905;Muy alto;0,890909091;0,895165945;0,893037518;Alto;0,9125;0,933333333;Alto
COSTA ORIENTE;A412711     ;PDA;41183;0,307692308;0,230769231;0;0,384615385;0,076923077;0,076923077;0,076923077;0,384615385;0,384615385;0,076923077;0;0,230769231;0,307692308;0,076923077;0,384615385;0,615384615;0,076923077;0,230769231;0;0,076923077;0,153846154;0,384615385;0,230769231;0;0,230769231;0,230769231;0,230769231;0,230769231;0,230769231;0,076923077;0,8419475;0,890357143;0,856470393;Alto;0,8038;0,88962963;0,829713333;Alto;0,758076923;0,931846154;0,817353846;Alto;0,5990625;0,86425;0,67861875;Medio;0,811333333;0,826296296;0,818814815;Alto;0,831764706;0,763153595;0,79745915;Alto;0,919010417;0,934895833;Alto
COSTA ORIENTE;A412712     ;PDA;42044;0;0,25;0;0,333333333;0,416666667;0;0,083333333;0,25;0,25;0,416666667;0;0,166666667;0,166666667;0,083333333;0,583333333;0,2;0;0,266666667;0,066666667;0,466666667;0;0,133333333;0,133333333;0,133333333;0,6;0,066666667;0,266666667;0,133333333;0;0,533333333;0,794700667;0,965809524;0,846033324;Alto;0,667142857;0,923611111;0,745892857;Medio;0,725333333;0,857555556;0,8264;Alto;0,612816071;0,846428571;0,682899821;Medio;0,823846154;0,78792735;0,805886752;Alto;0,912142857;0,953075397;0,932609127;Muy alto;0,924679487;0,903846154;Alto
COSTA ORIENTE;A412722     ;PDA;42478;0,384615385;0,076923077;0,230769231;0,153846154;0,153846154;0,153846154;0,230769231;0,230769231;0,230769231;0,153846154;0,153846154;0,076923077;0,153846154;0,076923077;0,538461538;0,222222222;0,111111111;0,444444444;0;0,222222222;0,222222222;0,222222222;0,111111111;0,222222222;0,222222222;0,222222222;0,222222222;0,111111111;0;0,444444444;0,833571429;0,892755102;0,851326531;Alto;0,710714286;0,813194444;0,741307143;Medio;0,559666667;0,8645;0,73364;Medio;0,606011111;0,896444444;0,693141111;Medio;0,9175;0,846006944;0,881753472;Alto;0,884615385;0,874893162;0,879754274;Alto;0,86577381;0,892857143;Alto
COSTA ORIENTE;A412751     ;PDA;40695;0,3;0,4;0,2;0;0,1;0;0;0,4;0,3;0,3;0;0,2;0,1;0,3;0,4;0,3;0;0,1;0,3;0,3;0,3;0;0,1;0,2;0,4;0,3;0,2;0,1;0,1;0,3;0,735719231;0,810549451;0,758168297;Alto;0,719;0,870092593;0,76884;Alto;0,755083333;0,821;0,78605;Alto;0,701781818;0,884;0,756447273;Alto;1;1;1;Muy alto;0,922352941;0,912033147;0,917193044;Muy alto;0,903611111;0,9;Alto
COSTA ORIENTE;A41271      ;Agencia;40360;0,28;0,36;0,08;0,24;0,04;0,08;0,48;0,24;0,12;0,08;0,04;0,16;0,28;0,12;0,4;0,428571429;0,19047619;0,19047619;0,095238095;0,095238095;0,095238095;0,333333333;0,19047619;0,142857143;0,238095238;0,19047619;0,142857143;0,095238095;0,333333333;0,238095238;0,802629286;0,91377551;0,835973153;Alto;0,748857143;0,825892857;0,772453571;Alto;0,777117647;0,894352941;0,812311765;Alto;0,849074074;0,860888889;0,852618519;Alto;0,852941176;0,81748366;0,835212418;Alto;0,908461538;0,953899573;0,931180556;Muy alto;0,869047619;0,888392857;Alto
COSTA ORIENTE;A412721     ;Agencia;41214;0,384615385;0,153846154;0,153846154;0,153846154;0,153846154;0,153846154;0,153846154;0,307692308;0,076923077;0,307692308;0;0,153846154;0,307692308;0,230769231;0,307692308;0,35;0,2;0,15;0,05;0,25;0,05;0,25;0,3;0,15;0,25;0,15;0,2;0,25;0,2;0,2;0,886719;0,88;0,8847033;Alto;0,815684211;0,946345029;0,856142105;Alto;0,804294118;0,957058824;0,850123529;Alto;0,800730952;0,906761905;0,832540238;Alto;0,688947368;0,88494152;0,786944444;Alto;0,9045;0,934087302;0,919293651;Muy alto;0,948026316;0,942982456;Alto
COSTA ORIENTE;A41272      ;Agencia;41365;0,304347826;0,260869565;0,130434783;0,130434783;0,173913043;0,086956522;0,173913043;0,217391304;0,173913043;0,347826087;0,130434783;0,217391304;0,086956522;0,217391304;0,347826087;0;0;0;0,333333333;0,666666667;0;0;0;0;1;0;0;0;0;1;0,8593532;0,958514286;0,889101526;Alto;0,944;0,881277778;0,92492;Muy alto;0,886608696;0,902086957;0,891969565;Alto;0,791363636;0,858636364;0,811545455;Alto;0,909565217;0,889975845;0,899770531;Alto;0,912857143;0,894378307;0,903617725;Muy alto;0,953205128;0,958333333;Muy alto
COSTA ORIENTE;A41273      ;Agencia;40756;0,227272727;0,318181818;0,136363636;0,181818182;0,136363636;0,090909091;0,136363636;0,090909091;0,545454545;0,136363636;0,045454545;0,136363636;0,181818182;0,136363636;0,5;0,423076923;0,230769231;0,115384615;0,153846154;0,076923077;0,038461538;0,230769231;0,269230769;0,346153846;0,115384615;0,038461538;0,346153846;0,192307692;0,153846154;0,269230769;0,814463077;0,839945055;0,82210767;Alto;0,710092308;0,859561966;0,755410769;Alto;0,689452609;0,870956522;0,744201739;Medio;0,873996296;0,880518519;0,875952963;Alto;0,786;0,827555556;0,806777778;Alto;0,846153846;0,89375;0,869951923;Alto;0,924456522;0,934782609;Alto
COSTA ORIENTE;A41274      ;Agencia;40299;0,16;0,36;0,08;0,28;0,12;0,16;0,08;0,28;0,4;0,08;0,12;0,12;0,16;0,28;0,32;0,24137931;0,310344828;0,275862069;0,068965517;0,103448276;0;0,24137931;0,206896552;0,482758621;0,068965517;0,172413793;0,068965517;0,448275862;0,137931034;0,172413793;0,729888462;0,811593407;0,754399945;Alto;0,686291667;0,838715278;0,734308333;Medio;0,626652174;0,835913043;0,692121739;Medio;0,737291667;0,84775;0,770429167;Alto;0,803703704;0,825029394;0,814366549;Alto;0,871111111;0,864557613;0,867834362;Alto;0,907291667;0,913194444;Alto
COSTA ORIENTE;A412741     ;Agencia;39995;0,3;0,2;0,1;0,2;0,2;0,05;0,2;0,15;0,25;0,35;0,25;0,1;0,15;0,2;0,3;0,235294118;0,176470588;0,117647059;0,235294118;0,235294118;0;0,058823529;0,411764706;0,411764706;0,117647059;0,176470588;0,058823529;0,294117647;0,235294118;0,235294118;0,746839565;0,894409938;0,791110677;Alto;0,682227273;0,89040404;0,747109091;Medio;0,771904762;0,916;0,820385714;Alto;0,708341667;0,865904762;0,755610595;Alto;0,912608696;0,893961353;0,903285024;Muy alto;0,924347826;0,937560386;0,930954106;Muy alto;0,948863636;0,96780303;Alto
COSTA ORIENTE;A41275      ;Agencia;41244;0,523809524;0,142857143;0,142857143;0,047619048;0,142857143;0,333333333;0,285714286;0,19047619;0,19047619;0;0,095238095;0,333333333;0,380952381;0,142857143;0,047619048;0,269230769;0,153846154;0,269230769;0,115384615;0,192307692;0,115384615;0,230769231;0,269230769;0,192307692;0,192307692;0,115384615;0,153846154;0,153846154;0,384615385;0,192307692;0,833533667;0,961047619;0,871787852;Alto;0,7598;0,83875;0,78526;Alto;0,836965517;0,846689655;0,859614286;Alto;0,800385;0,825866667;0,8080295;Alto;0,862592593;0,798045267;0,83031893;Alto;0,901724138;0,901714559;0,901719349;Muy alto;0,911637931;0,916666667;Alto
CUNDINAMARCA NORTE;A4122       ;Regional;42036;0,271777003;0,209059233;0,160278746;0,167247387;0,191637631;0,181184669;0,177700348;0,195121951;0,212543554;0,233449477;0,153310105;0,195121951;0,243902439;0,156794425;0,25087108;0,122807018;0,231578947;0,214035088;0,203508772;0,228070175;0,126315789;0,192982456;0,210526316;0,228070175;0,242105263;0,122807018;0,231578947;0,214035088;0,203508772;0,228070175;0,747666;0,847571429;0,777637629;Alto;0,810625;0,836805556;0,8200375;Alto;0,727857143;0,824;0,756914286;Alto;0,911428571;0,823714286;0,885114286;Alto;0,915;0,913888889;0,914444444;Muy alto;0,8425;0,846180556;0,844340278;Alto;0,848263889;0,881944444;Medio
CUNDINAMARCA NORTE;A412211     ;PDA;40422;0,166666667;0;0,333333333;0,166666667;0,333333333;0,083333333;0,166666667;0,416666667;0,25;0,083333333;0;0,333333333;0,333333333;0,083333333;0,25;0,375;0,125;0,25;0,125;0,125;0,5;0;0,25;0,125;0,125;0;0;0,375;0,375;0,25;0,814393333;0,791071429;0,807396762;Alto;0,835;0,896875;0,854741667;Alto;0,7387;0,8168;0,76253;Alto;0,857272727;0,827090909;0,848218182;Alto;0,8875;0,888310185;0,887905093;Alto;0,866923077;0,906730769;0,886826923;Alto;0,838095238;0,875;Medio
CUNDINAMARCA NORTE;A412231     ;PDA;42157;0,083333333;0,333333333;0,333333333;0,083333333;0,166666667;0,083333333;0;0,25;0,25;0,416666667;0;0,333333333;0,333333333;0,166666667;0,166666667;0,142857143;0,357142857;0,357142857;0,071428571;0,071428571;0,142857143;0,285714286;0,285714286;0,142857143;0,142857143;0,071428571;0,142857143;0,428571429;0,142857143;0,214285714;0,747762857;0,903673469;0,794536041;Alto;0,813;0,92287037;0,844973333;Alto;0,72;0,824307692;0,800066667;Alto;0,8225;0,803857143;0,816907143;Alto;0,853571429;0,85625;0,854910714;Alto;0,82;0,83046875;0,825234375;Alto;0,870138889;0,871527778;Alto
CUNDINAMARCA NORTE;A412222     ;PDA;40238;0,153846154;0,461538462;0,076923077;0,076923077;0,230769231;0,307692308;0,307692308;0,153846154;0,153846154;0,076923077;0,307692308;0,153846154;0,230769231;0,230769231;0,076923077;0,333333333;0,333333333;0;0,333333333;0;0,333333333;0,333333333;0;0;0,333333333;0,333333333;0;0;0,666666667;0;0,81;0,889017857;0,833705357;Alto;0,858571429;0,958928571;0,887485714;Alto;0,717416667;0,785666667;0,739741667;Medio;0,834107143;0,799285714;0,823660714;Alto;0,822666667;0,872738095;0,847702381;Alto;0,874666667;0,890092593;0,88237963;Alto;0,783333333;0,753787879;Medio
CUNDINAMARCA NORTE;A412252     ;PDA;43648;0,25;0,125;0,125;0,5;0;0,5;0,125;0;0;0,375;0,25;0,125;0,125;0,375;0,125;0,2;0,2;0,2;0;0,4;0,1;0,1;0,1;0,5;0,2;0,1;0,2;0,2;0,3;0,2;0,855;0,80038961;0,838616883;Alto;0,863333333;0,8;0,844333333;Alto;0,9;0,90225;0,900675;Muy alto;0,847727273;0,891090909;0,860736364;Alto;0,83;0,825578704;0,827789352;Alto;0,850833333;0,843518519;0,847175926;Alto;0,90875;0,925;Alto
CUNDINAMARCA NORTE;A412221     ;PDA;41518;0,266666667;0,266666667;0,066666667;0,133333333;0,266666667;0,133333333;0,333333333;0,133333333;0,133333333;0,266666667;0,133333333;0,133333333;0,266666667;0,2;0,266666667;0,25;0,25;0,083333333;0,416666667;0;0,166666667;0,166666667;0,166666667;0,25;0,25;0,083333333;0,25;0,166666667;0,25;0,25;0,819703;0,923857143;0,850949243;Alto;0,836222222;0,917515432;0,862533333;Alto;0,822117647;0,825176471;0,824505882;Alto;0,814107143;0,846857143;0,823932143;Alto;0,841176471;0,890686275;0,865931373;Alto;0,875625;0,913107639;0,894366319;Alto;0,854444444;0,880555556;Alto
CUNDINAMARCA NORTE;A41221      ;Agencia;38863;0,388888889;0,277777778;0;0,111111111;0,222222222;0,277777778;0,166666667;0,166666667;0,222222222;0,166666667;0,277777778;0,388888889;0,166666667;0,055555556;0,111111111;0,375;0,25;0,041666667;0,166666667;0,166666667;0,166666667;0,125;0,166666667;0,25;0,291666667;0,166666667;0,333333333;0,208333333;0;0,291666667;0,848895625;0,925803571;0,871968009;Alto;0,781111111;0,917592593;0,825288889;Alto;0,8450625;0,807125;0,834075;Alto;0,834861111;0,806777778;0,826436111;Alto;0,786;0,804814815;0,795407407;Alto;0,746956522;0,831400966;0,789178744;Alto;0,798076923;0,78525641;Medio
CUNDINAMARCA NORTE;A41222      ;Agencia;39995;0,277777778;0,277777778;0,166666667;0,222222222;0,055555556;0,222222222;0,222222222;0,277777778;0,111111111;0,166666667;0,333333333;0,055555556;0,277777778;0,277777778;0,055555556;0,222222222;0,111111111;0,277777778;0,277777778;0,111111111;0,166666667;0,111111111;0,333333333;0,166666667;0,222222222;0,222222222;0,222222222;0,222222222;0,111111111;0,222222222;0,833438889;0,873333333;0,845407222;Alto;0,891;0,90779321;0,897427778;Alto;0,852823529;0,846;0,850776471;Alto;0,849772727;0,859090909;0,852568182;Alto;0,808181818;0,876010101;0,84209596;Alto;0,812380952;0,873875661;0,843128307;Alto;0,875245098;0,889705882;Alto
CUNDINAMARCA NORTE;A41223      ;Agencia;40695;0,533333333;0,266666667;0;0,133333333;0,066666667;0,466666667;0,066666667;0,2;0,133333333;0,133333333;0,133333333;0,333333333;0,133333333;0,2;0,2;0,352941176;0,235294118;0,058823529;0,235294118;0,117647059;0,176470588;0,235294118;0,352941176;0,058823529;0,176470588;0,058823529;0,294117647;0,058823529;0,470588235;0,117647059;0,805727895;0,841954887;0,816595992;Alto;0,824285714;0,902645503;0,846795238;Alto;0,854473684;0,864421053;0,857615789;Alto;0,867894737;0,800631579;0,847715789;Alto;0,819090909;0,797285354;0,808188131;Alto;0,901818182;0,905871212;0,903844697;Muy alto;0,780392157;0,769607843;Medio
CUNDINAMARCA NORTE;A41220      ;Agencia;43805;0,1;0,3;0,3;0,3;0;0,3;0,1;0,3;0,2;0,1;0,2;0,1;0,4;0,3;0;0,272727273;0;0,272727273;0,363636364;0,090909091;0;0,181818182;0,181818182;0,272727273;0,363636364;0,181818182;0,545454545;0,090909091;0,181818182;0;0,8373;0,871285714;0,847495714;Alto;0,870909091;0,877525253;0,870718182;Alto;0,785454545;0,882909091;0,8186;Alto;0,895;0,943;0,9094;Muy alto;0,915;0,895972222;0,905486111;Muy alto;0,927;0,910972222;0,918986111;Muy alto;0,663020833;0,708333333;Bajo
CUNDINAMARCA NORTE;A41228      ;Agencia;42865;0,416666667;0,166666667;0,083333333;0,25;0,083333333;0,333333333;0,333333333;0,25;0,083333333;0;0,333333333;0;0,333333333;0,166666667;0,166666667;0,333333333;0,111111111;0,222222222;0,166666667;0,166666667;0,166666667;0,277777778;0,166666667;0,166666667;0,222222222;0,055555556;0,166666667;0,388888889;0,333333333;0,055555556;0,816223077;0,915714286;0,84607044;Alto;0,875357143;0,847619048;0,865735714;Alto;0,825272727;0,875636364;0,844290909;Alto;0,86125;0,858;0,860275;Alto;0,85625;0,922222222;0,889236111;Alto;0,724444444;0,858873457;0,791658951;Alto;0,800378788;0,810606061;Medio
CUNDINAMARCA NORTE;A41229      ;Agencia;43076;0,333333333;0,2;0,266666667;0;0,2;0,133333333;0,2;0,266666667;0,2;0,2;0,2;0,2;0;0;0,6;0,3125;0,1875;0,25;0,0625;0,1875;0,0625;0,3125;0,1875;0,3125;0,125;0,1875;0,1875;0,1875;0;0,4375;0,761816667;0,90152381;0,80372881;Alto;0,82265;0,853958333;0,83238;Alto;0,83335;0,8505;0,838645;Alto;0,698235294;0,808117647;0,7312;Medio;0,875882353;0,871568627;0,87372549;Alto;0,84875;0,838003472;0,843376736;Alto;0,893382353;0,911764706;Alto
CUNDINAMARCA NORTE;A41226      ;Agencia;41702;0,333333333;0,047619048;0,238095238;0,19047619;0,19047619;0,047619048;0,142857143;0,333333333;0,285714286;0,19047619;0,142857143;0,142857143;0,333333333;0,095238095;0,285714286;0,307692308;0,269230769;0,192307692;0,076923077;0,153846154;0,153846154;0,230769231;0,230769231;0,346153846;0,038461538;0,115384615;0,384615385;0,192307692;0,153846154;0,153846154;0,765543846;0,953516484;0,821935637;Alto;0,835458333;0,864293981;0,844375;Alto;0,809142857;0,899238095;0,838414286;Alto;0,886944444;0,827925926;0,869238889;Alto;0,842962963;0,823559671;0,833261317;Alto;0,745714286;0,812946429;0,779330357;Alto;0,883333333;0,876811594;Alto
CUNDINAMARCA NORTE;A41242      ;Agencia;43014;0,466666667;0,2;0,133333333;0,2;0;0,266666667;0,2;0,066666667;0,266666667;0,2;0,066666667;0,133333333;0,133333333;0,066666667;0,6;0,263157895;0,157894737;0,210526316;0,157894737;0,210526316;0,052631579;0,157894737;0,105263158;0,421052632;0,263157895;0,105263158;0,210526316;0,157894737;0,263157895;0,263157895;0,786833333;0,82452381;0,798140476;Alto;0,7571875;0,900694444;0,802375;Alto;0,880454545;0,878545455;0,880154545;Alto;0,876111111;0,893888889;0,881444444;Alto;0,85;0,85715812;0,85357906;Alto;0,797777778;0,848919753;0,823348765;Alto;0,788392857;0,785714286;Medio
CUNDINAMARCA NORTE;A41227      ;Agencia;42536;0,307692308;0,230769231;0,307692308;0;0,153846154;0,076923077;0,230769231;0,076923077;0,307692308;0,307692308;0;0,230769231;0,384615385;0,076923077;0,307692308;0,214285714;0,285714286;0,285714286;0;0,214285714;0,142857143;0;0,285714286;0,285714286;0,285714286;0,214285714;0,071428571;0,285714286;0,071428571;0,357142857;0,766888235;0,836638655;0,787813361;Alto;0,8562;0,853333333;0,855613333;Alto;0,845142857;0,905857143;0,864678571;Alto;0,833833333;0,822666667;0,830483333;Alto;0,716;0,791018519;0,753509259;Alto;0,69;0,798544974;0,744272487;Medio;0,850694444;0,902777778;Alto
CUNDINAMARCA SUR;A4121       ;Regional;42036;0,349462366;0,172043011;0,177419355;0,188172043;0,112903226;0,182795699;0,23655914;0,220430108;0,161290323;0,198924731;0,182795699;0,215053763;0,231182796;0,161290323;0,209677419;0,150684932;0,251141553;0,228310502;0,150684932;0,219178082;0,136986301;0,196347032;0,251141553;0,187214612;0,228310502;0,150684932;0,251141553;0,228310502;0,150684932;0,219178082;0,898533333;0,912222222;0,90264;Muy alto;0,65775;0,769097222;0,6984125;Medio;0,7196;0,8164;0,75212;Alto;0,904375;0,887;0,8991625;Alto;0,91;0,879166667;0,894583333;Alto;0,828181818;0,863257576;0,845719697;Alto;0,825;0,958333333;Medio
CUNDINAMARCA SUR;A412111     ;PDA;44409;0,2;0,3;0,3;0,1;0,1;0,2;0,3;0,2;0;0,3;0,3;0,2;0,4;0,1;0;0;0;0,333333333;0,333333333;0,333333333;0;0,333333333;0;0,666666667;0;0;0,333333333;0,333333333;0,333333333;0;0,807242857;0,841428571;0,817498571;Alto;0,6691875;0,913020833;0,7448;Medio;0,459367857;0,824857143;0,570550357;Bajo;0,72493125;0,835666667;0,758151875;Alto;0,837058824;0,792892157;0,81497549;Alto;0;0;0;Muy bajo;0,862121212;0,84469697;Alto
CUNDINAMARCA SUR;A412141     ;PDA;40391;0,272727273;0,181818182;0;0,272727273;0,272727273;0;0,090909091;0,363636364;0,090909091;0,454545455;0,090909091;0,181818182;0,272727273;0,272727273;0,181818182;0,307692308;0,307692308;0,076923077;0,153846154;0,153846154;0,153846154;0;0,384615385;0,230769231;0,230769231;0,230769231;0,230769231;0,076923077;0,230769231;0,230769231;0,8342425;0,907232143;0,856139393;Alto;0,680571429;0,87172619;0,743478571;Medio;0,923461538;0,879846154;0,911169231;Muy alto;0,67745625;0,85;0,729219375;Medio;0,730666667;0,814444444;0,772555556;Alto;0,927368421;0,911842105;0,919605263;Muy alto;0,95;0,958333333;Muy alto
CUNDINAMARCA SUR;A412121     ;PDA;43284;0,333333333;0,333333333;0,066666667;0,133333333;0,133333333;0,2;0,4;0,066666667;0,2;0,133333333;0,133333333;0,2;0,266666667;0,266666667;0,133333333;0,2;0,066666667;0,333333333;0,066666667;0,333333333;0,133333333;0,066666667;0,2;0,2;0,4;0,2;0;0,2;0,133333333;0,466666667;0,792784211;0,959699248;0,842858722;Alto;0,7459375;0,894878472;0,791125;Alto;0,417333333;0,879066667;0,555853333;Bajo;0,750657895;0,817473684;0,770702632;Alto;0,867857143;0,884424603;0,876140873;Alto;0,884117647;0,909640523;0,896879085;Alto;0,864166667;0,880555556;Alto
CUNDINAMARCA SUR;A412151     ;PDA;42116;0,333333333;0,111111111;0,111111111;0,444444444;0;0,111111111;0,333333333;0,222222222;0,111111111;0,222222222;0,333333333;0,222222222;0,222222222;0;0,222222222;0,166666667;0,166666667;0;0,166666667;0,5;0,333333333;0;0;0,166666667;0,5;0,333333333;0,166666667;0,333333333;0;0,166666667;0,83775;0,892857143;0,854282143;Alto;0,770333333;0,880324074;0,806166667;Alto;0,8585;0,8284;0,84987;Alto;0,856111111;0,878888889;0,862944444;Alto;0,857;0,828194444;0,842597222;Alto;0,866428571;0,842857143;0,854642857;Alto;0,80375;0,8375;Medio
CUNDINAMARCA SUR;A412172     ;PDA;43850;0,444444444;0,111111111;0,222222222;0;0,222222222;0,222222222;0,555555556;0,111111111;0;0,111111111;0,222222222;0,222222222;0;0,222222222;0,333333333;0,428571429;0;0,142857143;0;0,428571429;0,142857143;0,285714286;0,142857143;0;0,428571429;0,285714286;0,428571429;0;0,142857143;0,142857143;0,84189;0,801142857;0,829665857;Alto;0,773333333;0,880555556;0,805666667;Alto;0,76;0,8012;0,76636;Alto;0,685961538;0,780769231;0,714403846;Medio;0,8375;0,903935185;0,870717593;Alto;0,874;0,9075;0,89075;Alto;0,883333333;0,886904762;Alto
CUNDINAMARCA SUR;A412251     ;PDA;42686;0,5625;0,0625;0,125;0,25;0;0,25;0,375;0,125;0,125;0,125;0,0625;0,3125;0,4375;0,125;0,0625;0,333333333;0,166666667;0,111111111;0,222222222;0,166666667;0,166666667;0,166666667;0,111111111;0,111111111;0,444444444;0,055555556;0,222222222;0,166666667;0,277777778;0,277777778;0,7423;0,993406593;0,817631978;Alto;0,698125;0,847135417;0,74361875;Medio;0,7912;0,881466667;0,81828;Alto;0,677875;0,8327;0,7243225;Medio;0,851904762;0,856018519;0,85396164;Alto;0,852105263;0,872134503;0,862119883;Alto;0,780654762;0,797619048;Medio
CUNDINAMARCA SUR;A412161     ;PDA;40756;0,444444444;0,222222222;0,111111111;0,222222222;0;0,222222222;0,333333333;0,333333333;0;0,111111111;0,444444444;0,111111111;0,222222222;0;0,222222222;0,294117647;0,235294118;0,294117647;0,058823529;0,117647059;0,058823529;0,294117647;0,294117647;0,235294118;0,117647059;0,117647059;0,294117647;0,294117647;0,117647059;0,176470588;0,809482143;0,897653061;0,835933418;Alto;0,839333333;0,857222222;0,844753333;Alto;0,825133333;0,860533333;0,83708;Alto;0,772985294;0,740823529;0,763336765;Alto;0,772352941;0,774509804;0,773431373;Alto;0,788235294;0,93960084;0,863918067;Alto;0,825;0,865384615;Medio
CUNDINAMARCA SUR;A412162     ;PDA;43810;0,3;0,3;0,2;0,1;0,1;0,1;0,3;0,4;0,1;0,1;0,2;0,4;0,1;0,1;0,2;0,083333333;0,25;0,333333333;0,166666667;0,166666667;0,166666667;0,25;0,5;0,083333333;0;0,083333333;0,333333333;0,333333333;0,083333333;0,166666667;0,85575;0,946904762;0,883096429;Alto;0,776538462;0,767628205;0,775238462;Alto;0,688181818;0,794545455;0,715545455;Medio;0,684375;0,777;0,7121625;Medio;0,806923077;0,798076923;0,8025;Alto;0,886666667;0,853796296;0,870231481;Alto;0,832575758;0,829545455;Medio
CUNDINAMARCA SUR;A41211      ;Agencia;38863;0,3125;0,125;0,125;0,375;0,0625;0,0625;0,125;0,3125;0,1875;0,3125;0,125;0,125;0,125;0,1875;0,4375;0,375;0,375;0,125;0,125;0;0,1875;0,3125;0,25;0,125;0,125;0,0625;0,1875;0,375;0,3125;0,0625;0,818014167;0,946011905;0,856413488;Alto;0,879166667;0,953877315;0,9022875;Muy alto;0,859043478;0,924956522;0,880152174;Alto;0,7;0,9295;0,76885;Alto;0,8068;0,925277778;0,866038889;Alto;0,733333333;0,896759259;0,815046296;Alto;0,870394737;0,872807018;Alto
CUNDINAMARCA SUR;A41212      ;Agencia;40725;0,166666667;0,25;0,166666667;0,083333333;0,333333333;0,333333333;0;0,25;0,166666667;0,25;0,166666667;0,166666667;0,166666667;0,166666667;0,333333333;0,294117647;0,294117647;0,176470588;0,058823529;0,176470588;0,058823529;0,294117647;0,411764706;0,117647059;0,117647059;0;0,352941176;0,470588235;0,117647059;0,058823529;0,8116;0,915619048;0,842805714;Alto;0,761538462;0,856730769;0,789969231;Alto;0,762888889;0,860888889;0,792288889;Alto;0,690666667;0,8072;0,725626667;Medio;0,796470588;0,800245098;0,798357843;Alto;0,7855;0,764930556;0,775215278;Alto;0,921590909;0,924242424;Alto
CUNDINAMARCA SUR;A41214      ;Agencia;42249;0,333333333;0,277777778;0,277777778;0,111111111;0;0,222222222;0,166666667;0,333333333;0,277777778;0;0,166666667;0,166666667;0,277777778;0,277777778;0,111111111;0,294117647;0,235294118;0,058823529;0,058823529;0,352941176;0,235294118;0,117647059;0,176470588;0,176470588;0,294117647;0,294117647;0;0,235294118;0,176470588;0,294117647;0,784296842;0,805488722;0,790654406;Alto;0,4287;0,805277778;0,5516;Bajo;0,581882353;0,883529412;0,675835294;Medio;0,573128125;0,823;0,648089688;Medio;0,850625;0,822743056;0,836684028;Alto;0,814761905;0,799417989;0,807089947;Alto;0,78245614;0,798245614;Medio
CUNDINAMARCA SUR;A41225      ;Agencia;40725;0,533333333;0,066666667;0,066666667;0,133333333;0,2;0,266666667;0,133333333;0,066666667;0,2;0,333333333;0,133333333;0,133333333;0,4;0;0,333333333;0,333333333;0,095238095;0,238095238;0,142857143;0,19047619;0;0,238095238;0,285714286;0,19047619;0,285714286;0;0,238095238;0,285714286;0,095238095;0,380952381;0,740375;0,830285714;0,787899048;Alto;0,848571429;0,857142857;0,85;Alto;0,547916667;0,858333333;0,641041667;Medio;0,763125;0,841583333;0,7866625;Alto;0,775789474;0,776315789;0,776052632;Alto;0,769;0,831805556;0,800402778;Alto;0,928611111;0,908333333;Alto
CUNDINAMARCA SUR;A41215      ;Agencia;38863;0,363636364;0;0,181818182;0,272727273;0,181818182;0,090909091;0;0,181818182;0,272727273;0,454545455;0,090909091;0,363636364;0,090909091;0,090909091;0,363636364;0,210526316;0,157894737;0,263157895;0,315789474;0,052631579;0,315789474;0,157894737;0,157894737;0,105263158;0,263157895;0,368421053;0,263157895;0,105263158;0,105263158;0,157894737;0,830707143;0,899591837;0,851372551;Alto;0,727875;0,915451389;0,79038125;Alto;0,726909091;0,865818182;0,776427273;Alto;0,769042188;0,902375;0,809042031;Alto;0,823684211;0,824822473;0,824253342;Alto;0,842222222;0,786805556;0,814513889;Alto;0,901602564;0,907051282;Alto
CUNDINAMARCA SUR;A41216      ;Agencia;40238;0,266666667;0,2;0,2;0,2;0,133333333;0,2;0,266666667;0,066666667;0,333333333;0,133333333;0,266666667;0,133333333;0,066666667;0,333333333;0,2;0,136363636;0,090909091;0,318181818;0,090909091;0,363636364;0,090909091;0,136363636;0,181818182;0,409090909;0,181818182;0,045454545;0,363636364;0,090909091;0,181818182;0,318181818;0,782829048;0,893197279;0,815939517;Alto;0,811722222;0,798148148;0,809872222;Alto;0,728625;0,819625;0,7590125;Alto;0,665375;0,788;0,7021625;Medio;0,836190476;0,801455026;0,818822751;Alto;0,896818182;0,882260101;0,889539141;Alto;0,814912281;0,853070175;Medio
CUNDINAMARCA SUR;A41217      ;Agencia;41275;0,3;0;0,6;0,1;0;0,2;0,3;0,4;0,1;0;0,2;0,4;0,3;0,1;0;0,4375;0,1875;0,125;0,125;0,125;0,0625;0,3125;0,375;0,1875;0,0625;0,3125;0,4375;0,1875;0;0,0625;0,799347826;0,837701863;0,810854037;Alto;0,829285714;0,870634921;0,8407;Alto;0,84625;0,836833333;0,845383333;Alto;0,546607143;0,805714286;0,624339286;Medio;0,835;0,834513889;0,834756944;Alto;0,834347826;0,852657005;0,843502415;Alto;0,837222222;0,886111111;Medio
DIRECCIÓN GENERAL;A45         ;Dirección general;42036;;;;;;;;;;;;;;;;;;;;;;;;;;;;;;;0,94675;0,835714286;0,913439286;Muy alto;0,901666667;0,830555556;0,88;Alto;0,9;0,87;0,89485;Alto;;;;;;;;;;;;;0,839583333;0,916666667;Medio
DIRECCIÓN GENERAL;A4322       ;Dirección general;42036;;;;;;;;;;;;;;;;;;;;;;;;;;;;;;;0,995923077;0,905604396;0,968827473;Muy alto;0,9811;0,811944444;0,93412;Muy alto;0,96475;0,813;0,9196;Muy alto;0,956666667;0,880333333;0,933766667;Muy alto;0,927941176;0,872222222;0,900081699;Muy alto;0,935;0,821006944;0,878003472;Alto;0,591666667;0,604166667;Bajo
DIRECCIÓN GENERAL;A81         ;Dirección general;42036;;;;;;;;;;;;;;;;;;;;;;;;;;;;;;;1;0,805306122;0,941591837;Muy alto;1;0,828055556;0,95078;Muy alto;0,975;0,8575;0,93975;Muy alto;0,833333333;0,713333333;0,797333333;Alto;1;0,769166667;0,884583333;Alto;0;0;0;Muy bajo;0,815833333;0,816666667;Medio
DIRECCIÓN GENERAL;A4146       ;Dirección general;42036;;;;;;;;;;;;;;;;;;;;;;;;;;;;;;;0,928214286;0,745714286;0,873464286;Alto;0,971428571;0,946825397;0,964128571;Muy alto;0,94;0,7976;0,89728;Alto;0,894444444;0,825111111;0,873644444;Alto;0,891111111;0,879166667;0,885138889;Alto;0;0;0;Muy bajo;0,735119048;0,732142857;Medio
DIRECCIÓN GENERAL;A64         ;Dirección general;42036;;;;;;;;;;;;;;;;;;;;;;;;;;;;;;;0,888;0,927142857;0,899742857;Alto;0,917333333;0,815740741;0,8882;Alto;0,913333333;0,799333333;0,879133333;Alto;0,9;0,829;0,8787;Alto;0,8;0,8;0,8;Alto;0;0;0;Muy bajo;0,88125;0,958333333;Alto
DIRECCIÓN GENERAL;A4239       ;Dirección general;42036;;;;;;;;;;;;;;;;;;;;;;;;;;;;;;;0,983333333;0,885238095;0,953904762;Muy alto;0,975;0,836805556;0,932333333;Muy alto;0,889;0,832;0,8719;Alto;;;;;;;;;;;;;0,797222222;0,868055556;Medio
DIRECCIÓN GENERAL;A4321       ;Dirección general;42036;;;;;;;;;;;;;;;;;;;;;;;;;;;;;;;0,92821;0,892222222;0,917413667;Muy alto;0,9574;0,835138889;0,92089;Muy alto;0,8762;0,8224;0,86036;Alto;0,939;0,8104;0,90042;Muy alto;0,905;0,871296296;0,888148148;Alto;0,91125;0,795138889;0,853194444;Alto;0,770416667;0,791666667;Medio
DIRECCIÓN GENERAL;A42310      ;Dirección general;42036;;;;;;;;;;;;;;;;;;;;;;;;;;;;;;;0,8631;0,815662233;0,84886867;Alto;0,914736842;0,861988304;0,889784211;Alto;0,933125;0,81275;0,8970125;Alto;0,8;0,8;0,8;Alto;0;0;0;Muy bajo;0;0;0;Muy bajo;0,801875;0,841666667;Medio
DIRECCIÓN GENERAL;A4261       ;Dirección general;42036;;;;;;;;;;;;;;;;;;;;;;;;;;;;;;;0,938333333;0,87847619;0,92037619;Muy alto;0,86;0,815092593;0,84708;Alto;0,896666667;0,855333333;0,885066667;Alto;;;;;;;;;;;;;0,795;0,844444444;Medio
DIRECCIÓN GENERAL;A4142       ;Dirección general;42036;;;;;;;;;;;;;;;;;;;;;;;;;;;;;;;0,95;0,892857143;0,932857143;Muy alto;0,9375;0,853125;0,91265;Muy alto;0,94;0,8795;0,92185;Muy alto;0,896666667;0,845333333;0,881266667;Alto;0,8975;0,885416667;0,891458333;Alto;0,8;0,834375;0,8171875;Alto;0,886458333;0,875;Alto
DIRECCIÓN GENERAL;A4145       ;Dirección general;42036;;;;;;;;;;;;;;;;;;;;;;;;;;;;;;;1;0,98;0,994;Muy alto;0,9125;0,963888889;0,9268875;Muy alto;0,904285714;0,868571429;0,894;Alto;0;0;0;Muy bajo;0,908;0,899722222;0,903861111;Muy alto;0,891666667;0,892592593;0,89212963;Alto;0,778125;0,817708333;Medio
DIRECCIÓN GENERAL;A417        ;Dirección general;42036;;;;;;;;;;;;;;;;;;;;;;;;;;;;;;;0,897;0,956190476;0,914757143;Muy alto;0,885;0,875;0,8803;Alto;0,8925;0,917;0,89985;Alto;0,95;0,844;0,9182;Muy alto;0;0;0;Muy bajo;0;0;0;Muy bajo;0,914583333;0,979166667;Alto
DIRECCIÓN GENERAL;A911        ;Dirección general;42036;;;;;;;;;;;;;;;;;;;;;;;;;;;;;;;0,964923077;0,938396138;0,956964995;Muy alto;0,89375;0,839930556;0,8840875;Alto;0,924285714;0,838285714;0,8959;Alto;;;;;;;;;;;;;0,8484375;0,90625;Medio
DIRECCIÓN GENERAL;A913        ;Dirección general;42036;;;;;;;;;;;;;;;;0,235294118;0,205882353;0,176470588;0,117647059;0,264705882;0,088235294;0,088235294;0,264705882;0,235294118;0,323529412;0,147058824;0,176470588;0,235294118;0,147058824;0,294117647;0,896111111;0,842564103;0,880047009;Alto;0,8375;0,797222222;0,8287875;Alto;0,926666667;0,863333333;0,908166667;Muy alto;;;;;;;;;;;;;0,883333333;0,895833333;Alto
DIRECCIÓN GENERAL;A912        ;Dirección general;42036;;;;;;;;;;;;;;;;;;;;;;;;;;;;;;;0,91;0,82525641;0,884576923;Alto;0,958;0,723333333;0,89424;Alto;0,88;0,7752;0,84856;Alto;;;;;;;;;;;;;0,8475;0,9;Medio
DIRECCIÓN GENERAL;A4341       ;Dirección general;42036;;;;;;;;;;;;;;;;;;;;;;;;;;;;;;;0,9447;0,872;0,92289;Muy alto;0,8745;0,848611111;0,86709;Alto;0,916125;0,855;0,8985375;Alto;0,872857143;0,84;0,863;Alto;0;0;0;Muy bajo;0;0;0;Muy bajo;0,76;0,808333333;Medio
DIRECCIÓN GENERAL;A4323       ;Dirección general;42036;;;;;;;;;;;;;;;;;;;;;;;;;;;;;;;0,966126667;0,915238095;0,950860095;Muy alto;0,994285714;0,922321429;0,972557143;Muy alto;0,974615385;0,858;0,939630769;Muy alto;0,965;0,863428571;0,934528571;Muy alto;0,95;0,819047619;0,88452381;Alto;0,95;0,736574074;0,843287037;Alto;0,855;0,886111111;Alto
DIRECCIÓN GENERAL;A010        ;Dirección general;42036;;;;;;;;;;;;;;;;;;;;;;;;;;;;;;;1;0,950095238;0,985028571;Muy alto;1;0,961944444;0,9872;Muy alto;0,983333333;0,939333333;0,970133333;Muy alto;;;;;;;;;;;;;0,894166667;0,9;Alto
DIRECCIÓN GENERAL;A511        ;Dirección general;42036;;;;;;;;;;;;;;;;;;;;;;;;;;;;;;;0,86;0,891428571;0,869428571;Alto;0,9725;0,879722222;0,94395;Muy alto;0,870833333;0,794;0,847783333;Alto;0,916666667;0,906666667;0,913666667;Muy alto;0;0;0;Muy bajo;0;0;0;Muy bajo;0,808333333;0,858333333;Medio
DIRECCIÓN GENERAL;A431        ;Dirección general;42036;0,357142857;0,238095238;0,166666667;0,095238095;0,142857143;0,166666667;0,142857143;0,285714286;0,214285714;0,19047619;0,214285714;0,238095238;0,142857143;0,19047619;0,214285714;0,228571429;0,2;0,142857143;0,114285714;0,314285714;0,2;0,171428571;0,114285714;0,228571429;0,285714286;0,228571429;0,085714286;0,2;0,142857143;0,342857143;0,965;0,94;0,9575;Muy alto;1;0,872222222;0,955;Muy alto;1;0,812;0,9436;Muy alto;1;0,812;0,9436;Muy alto;0;0;0;Muy bajo;0;0;0;Muy bajo;0,8625;0,916666667;Alto
DIRECCIÓN GENERAL;A1          ;Dirección general;42036;0,125;0,0625;0,1875;0,4375;0,1875;0,0625;0;0,0625;0,25;0,625;0,0625;0;0,125;0,25;0,5625;0,181818182;0,090909091;0,090909091;0,363636364;0,272727273;0;0;0,090909091;0,090909091;0,818181818;0,181818182;0,090909091;0,272727273;0,090909091;0,363636364;1;1;1;Muy alto;;;;;;;;;0,925;0,917;0,9226;Muy alto;0;0;0;Muy bajo;1;1;1;Muy alto;0,970833333;0,9375;Muy alto
DIRECCIÓN GENERAL;A44         ;Dirección general;42036;0;0,2;0,2;0;0,6;0;0,2;0,2;0;0,6;0;0,4;0;0,2;0,4;0,333333333;0,333333333;0,333333333;0;0;0;0;0,333333333;0,333333333;0,333333333;0;0;0;0,666666667;0,333333333;0,985;0,981428571;0,983928571;Muy alto;1;0,948148148;0,982833333;Muy alto;0,942;0,8424;0,9156;Muy alto;0,995714286;0,885142857;0,962542857;Muy alto;0,925;0,837847222;0,881423611;Alto;0,85;0,830277778;0,840138889;Alto;0,902083333;0,965277778;Alto
DIRECCIÓN GENERAL;A432        ;Dirección general;42036;0,233333333;0,2;0,233333333;0,266666667;0,066666667;0,033333333;0,1;0,3;0,3;0,266666667;0,1;0,166666667;0,3;0,266666667;0,166666667;0,27027027;0,189189189;0,108108108;0,324324324;0,108108108;0,054054054;0,108108108;0,135135135;0,297297297;0,405405405;0,108108108;0,324324324;0,216216216;0,108108108;0,243243243;0,995;0,98;0,9905;Muy alto;1;0,961111111;0,9916;Muy alto;1;0,972;0,9916;Muy alto;1;0,958;0,9874;Muy alto;0;0;0;Muy bajo;0;0;0;Muy bajo;0,8625;1;Alto
DIRECCIÓN GENERAL;A412        ;Dirección general;42036;;;;;;;;;;;;;;;;;;;;;;;;;;;;;;;0,817;0,94;0,8539;Alto;0,8;0,8;0,8;Alto;0,7675;0,886;0,80305;Alto;0,78;0,8;0,7825;Alto;0;0;0;Muy bajo;0;0;0;Muy bajo;1;1;
DIRECCIÓN GENERAL;A8          ;Dirección general;42036;0,333333333;0,166666667;0,166666667;0,25;0,083333333;0,083333333;0,083333333;0,333333333;0,083333333;0,416666667;0,083333333;0,25;0,25;0,25;0,166666667;0,222222222;0,333333333;0,222222222;0,111111111;0,111111111;0;0;0,111111111;0,333333333;0,555555556;0,111111111;0,222222222;0,333333333;0,333333333;0;0,942857143;0,933673469;0,940102041;Muy alto;0,978571429;0,817261905;0,930128571;Muy alto;0,959;0,809666667;0,9147;Muy alto;0,94;0,7984;0,89752;Alto;0,964;0,847222222;0,905611111;Muy alto;0,936666667;0,781481481;0,859074074;Alto;0,807142857;0,81547619;Medio
DIRECCIÓN GENERAL;A4238       ;Dirección general;42036;;;;;;;;;;;;;;;;;;;;;;;;;;;;;;;0,914880952;0,926637886;0,918408032;Muy alto;0,9275;0,830050505;0,894206818;Alto;0,926871795;0,845230769;0,90245641;Muy alto;0,905428571;0,858114286;0,891234286;Alto;0,981538462;0,893162393;0,937350427;Muy alto;0;0;0;Muy bajo;0,888020833;0,898958333;Alto
DIRECCIÓN GENERAL;A414        ;Dirección general;42036;0,368421053;0,052631579;0,052631579;0,368421053;0,157894737;0,157894737;0,105263158;0,157894737;0,157894737;0,421052632;0,157894737;0,210526316;0,157894737;0,105263158;0,368421053;0,272727273;0,136363636;0,227272727;0,136363636;0,227272727;0,090909091;0,181818182;0,090909091;0,227272727;0,409090909;0,136363636;0,181818182;0,272727273;0,136363636;0,272727273;0,998;0,828076923;0,947023077;Muy alto;1;0,786805556;0,940775;Muy alto;0,916666667;0,754666667;0,88355;Alto;0;0;0;Muy bajo;0;0;0;Muy bajo;0,9;0,95;0,925;Muy alto;0,952777778;0,958333333;Muy alto
DIRECCIÓN GENERAL;A426        ;Dirección general;42036;0,4;0,08;0,24;0,12;0,16;0,24;0,08;0,2;0,32;0,16;0,2;0,12;0,08;0,32;0,28;0,4;0,2;0,15;0,2;0,05;0;0,1;0,25;0,3;0,35;0,25;0,1;0,25;0,05;0,35;0,92924;0,925428571;0,928096571;Muy alto;0,9555;0,793055556;0,907433333;Muy alto;0,9235;0,846666667;0,90045;Muy alto;0;0;0;Muy bajo;0,912222222;0,814351852;0,863287037;Alto;0,875;0,871759259;0,87337963;Alto;0,745833333;0,75;Medio
DIRECCIÓN GENERAL;A434        ;Dirección general;42036;0,428571429;0,285714286;0,285714286;0;0;0,142857143;0,285714286;0;0,428571429;0,142857143;0,285714286;0,142857143;0,285714286;0,142857143;0,142857143;0,4;0;0,2;0,2;0,2;0;0;0;0,8;0,2;0,2;0,2;0,4;0,2;0;0,9795;0,95;0,97065;Muy alto;0,97;0,926388889;0,956933333;Muy alto;0,966666667;0,933333333;0,956666667;Muy alto;0,965;0,93;0,9545;Muy alto;0,876666667;0,851388889;0,864027778;Alto;0;0;0;Muy bajo;0,819444444;0,861111111;Medio
DIRECCIÓN GENERAL;A421        ;Dirección general;42036;0,333333333;0;0,266666667;0,2;0,2;0,2;0,2;0,066666667;0,4;0,133333333;0,066666667;0,2;0,4;0,266666667;0,066666667;0;0,25;0;0,5;0,25;0;0;0,25;0,5;0,25;0;0;0,5;0,25;0,25;0,916;0,9;0,9112;Muy alto;0,9;0,8;0,87;Alto;1;0,8;0,94;Muy alto;0;0;0;Muy bajo;0;0;0;Muy bajo;0,9625;0,91875;0,940625;Muy alto;0,945833333;1;Alto
DIRECCIÓN GENERAL;A65         ;Dirección general;42036;0,428571429;0,071428571;0,214285714;0,142857143;0,142857143;0;0,071428571;0,214285714;0,285714286;0,428571429;0,071428571;0,214285714;0,142857143;0,214285714;0,357142857;0,5;0,25;0,25;0;0;0;0,25;0,25;0,125;0,375;0,125;0,25;0,375;0,125;0,125;0,917166667;0,943333333;0,925016667;Muy alto;0,95;0,922222222;0,9426;Muy alto;0,9;0,908;0,9054;Muy alto;0,926666667;0,824;0,895866667;Alto;0,926428571;0,962797619;0,944613095;Muy alto;0;0;0;Muy bajo;0,852380952;0,839285714;Alto
DIRECCIÓN GENERAL;A63         ;Dirección general;42036;0;0,333333333;0,083333333;0,416666667;0,166666667;0;0;0,333333333;0,166666667;0,5;0;0,166666667;0,25;0,083333333;0,5;0,142857143;0,142857143;0,285714286;0,142857143;0,285714286;0;0,071428571;0,071428571;0,142857143;0,714285714;0,071428571;0;0,142857143;0,357142857;0,428571429;0,9;0,85;0,885;Alto;0,852;0,855555556;0,8572;Alto;0,88;0,822;0,8626;Alto;0,87;0,864;0,8682;Alto;0;0;0;Muy bajo;0,92;0,891666667;0,905833333;Muy alto;0,7125;0,791666667;Medio
DIRECCIÓN GENERAL;A66         ;Dirección general;42036;0,5;0;0;0,166666667;0,333333333;0,5;0;0,166666667;0;0,333333333;0,333333333;0,166666667;0,166666667;0;0,333333333;;;;;;;;;;;;;;;;0,9285625;0,916071429;0,924815179;Muy alto;0,914285714;0,906944444;0,911557143;Muy alto;0,971428571;0,884857143;0,945457143;Muy alto;;;;;;;;;;;;;0,849404762;0,910714286;Medio
DIRECCIÓN GENERAL;A2          ;Dirección general;42036;0,181818182;0,181818182;0,151515152;0,212121212;0,272727273;0,090909091;0,333333333;0,090909091;0,303030303;0,181818182;0,060606061;0,181818182;0,363636364;0,151515152;0,242424242;0,321428571;0,178571429;0,214285714;0,178571429;0,107142857;0,178571429;0,214285714;0,214285714;0,321428571;0,071428571;0,214285714;0,357142857;0,25;0,035714286;0,142857143;0,986666667;0,960857143;0,977057143;Muy alto;0,9385;0,855555556;0,91275;Muy alto;0,930166667;0,856;0,907916667;Muy alto;0,8625;0,829;0,85245;Alto;0,9;0,8;0,85;Alto;0,945;0,9125;0,92875;Muy alto;0,836111111;0,75;Medio
DIRECCIÓN GENERAL;A423        ;Dirección general;42036;0,2;0,177777778;0,144444444;0,188888889;0,288888889;0,1;0,155555556;0,155555556;0,255555556;0,333333333;0,111111111;0,2;0,244444444;0,166666667;0,277777778;0,186666667;0,186666667;0,146666667;0,186666667;0,293333333;0,066666667;0,226666667;0,2;0,16;0,346666667;0,106666667;0,2;0,2;0,226666667;0,266666667;0,932;0,8;0,8924;Alto;0,915;0,8375;0,8934;Alto;0,9475;0,821;0,90955;Muy alto;1;0,8;0,94;Muy alto;0;0;0;Muy bajo;0,9875;0,950868056;0,969184028;Muy alto;0,991666667;1;Muy alto
DIRECCIÓN GENERAL;A71         ;Dirección general;42036;0;0;0,333333333;0,666666667;0;0;0;0;0;1;0;0;0;0;1;;;;;;;;;;;;;;;;1;0,995;0,9985;Muy alto;;;;;;;;;0,9325;0,893;0,92065;Muy alto;0;0;0;Muy bajo;0;0;0;Muy bajo;0,98125;1;Muy alto
DIRECCIÓN GENERAL;A51         ;Dirección general;42036;;;;;;;;;;;;;;;;;;;;;;;;;;;;;;;0,95;0,965;0,9545;Muy alto;1;0,994444444;0,9983;Muy alto;1;0,98;0,994;Muy alto;0,833333333;0,86;0,841333333;Alto;1;0,910833333;0,955416667;Muy alto;1;0,857407407;0,928703704;Muy alto;0,979166667;1;Muy alto
DIRECCIÓN GENERAL;A916        ;Dirección general;42036;;;;;;;;;;;;;;;;;;;;;;;;;;;;;;;0,877142857;0,914285714;0,888285714;Alto;;;;;;;;;;;;;;;;;;;;;;;
DIRECCIÓN GENERAL;A418        ;Dirección general;42036;;;;;;;;;;;;;;;;;;;;;;;;;;;;;;;0,888;0,94;0,9036;Muy alto;0,85;0,8;0,835;Alto;0,8;0,812;0,8036;Alto;0,8;0,8;0,8;Alto;0;0;0;Muy bajo;0;0;0;Muy bajo;;;
DIRECCIÓN GENERAL;A413        ;Dirección general;42036;0,2;0,4;0;0,4;0;0,2;0,4;0;0,2;0,2;0;0,4;0,2;0;0,4;0,333333333;0;0,666666667;0;0;0;0;0,666666667;0,333333333;0;0;0,333333333;0;0;0,666666667;0,9375;0,794285714;0,894535714;Alto;0,93;0,87797619;0,916957143;Muy alto;0,866666667;0,817333333;0,850085714;Alto;0,931428571;0,816571429;0,896971429;Alto;0,958333333;0,851388889;0,904861111;Muy alto;0,921428571;0,902380952;0,911904762;Muy alto;0,7875;0,827380952;Medio
DIRECCIÓN GENERAL;A41         ;Dirección general;42036;0,214285714;0,142857143;0,071428571;0,357142857;0,214285714;0,142857143;0,071428571;0,071428571;0,285714286;0,428571429;0;0;0,285714286;0;0,714285714;0;0,4;0,1;0,3;0,2;0;0;0,2;0,1;0,7;0;0,2;0,1;0,2;0,5;0,879;0,8425;0,86805;Alto;0,83;0,821018519;0,834166667;Alto;0,891;0,8392;0,871216667;Alto;0,9;0,825428571;0,877628571;Alto;0,888;0,897638889;0,892819444;Alto;0,7925;0,791666667;0,792083333;Alto;0,865;0,891666667;Alto
DIRECCIÓN GENERAL;A91         ;Dirección general;42036;0,147058824;0,205882353;0,264705882;0,235294118;0,147058824;0,058823529;0,176470588;0,088235294;0,294117647;0,382352941;0,117647059;0,205882353;0,176470588;0,088235294;0,411764706;;;;;;;;;;;;;;;;0,89;0,884210526;0,888263158;Alto;0,92;0,839351852;0,895033333;Alto;0,95725;0,835;0,920575;Muy alto;;;;;;;;;;;;;0,922222222;0,972222222;Alto
DIRECCIÓN GENERAL;A416        ;Dirección general;42036;;;;;;;;;;;;;;;;;;;;;;;;;;;;;;;0,873714286;0,877959184;0,874987755;Alto;0,81;0,8;0,807;Alto;0,833333333;0,815333333;0,827933333;Alto;0,933333333;0,889333333;0,920133333;Muy alto;0;0;0;Muy bajo;0;0;0;Muy bajo;0,7925;0,891666667;Medio
DIRECCIÓN GENERAL;A4314       ;Dirección general;42036;;;;;;;;;;;;;;;;;;;;;;;;;;;;;;;0,95202;0,934;0,946614;Muy alto;0,879840909;0,84709596;0,869434091;Alto;0,916666667;0,834666667;0,892066667;Alto;0,886;0,849;0,8749;Alto;0;0;0;Muy bajo;0;0;0;Muy bajo;0,712916667;0,716666667;Medio
DIRECCIÓN GENERAL;A4312       ;Dirección general;42036;;;;;;;;;;;;;;;;;;;;;;;;;;;;;;;0,9617995;0,926714286;0,951273936;Muy alto;0,97144;0,924861111;0,957738;Muy alto;0,914844444;0,835777778;0,891457778;Alto;0,944285714;0,893571429;0,929071429;Muy alto;0;0;0;Muy bajo;0;0;0;Muy bajo;0,785;0,833333333;Medio
DIRECCIÓN GENERAL;A11         ;Dirección general;42036;;;;;;;;;;;;;;;;;;;;;;;;;;;;;;;0,946;0,851346154;0,917603846;Muy alto;0,87;0,802777778;0,8516;Alto;0,86778;0,8;0,847446;Alto;0,962;0,8964;0,94232;Muy alto;0,961666667;0,974074074;0,96787037;Muy alto;1;1;1;Muy alto;0,944166667;0,975;Alto
DIRECCIÓN GENERAL;A14         ;Dirección general;42036;;;;;;;;;;;;;;;;;;;;;;;;;;;;;;;0,973095;0,922307692;0,957858808;Muy alto;1;0,804166667;0,9413;Muy alto;0,922;0,8;0,8854;Alto;0,99;0,887333333;0,9592;Muy alto;1;0,955092593;0,977546296;Muy alto;1;1;1;Muy alto;0,976388889;1;Muy alto
DIRECCIÓN GENERAL;A12         ;Dirección general;42036;;;;;;;;;;;;;;;;;;;;;;;;;;;;;;;0,967;0,892307692;0,944592308;Muy alto;1;0,806944444;0,9422;Muy alto;0,922;0,8;0,8854;Alto;1;0,906;0,9718;Muy alto;1;0,944444444;0,972222222;Muy alto;1;1;1;Muy alto;0,979166667;1;Muy alto
DIRECCIÓN GENERAL;A13         ;Dirección general;42036;;;;;;;;;;;;;;;;;;;;;;;;;;;;;;;0,97;0,882307692;0,943692308;Muy alto;1;0,774074074;0,934533333;Muy alto;0,933;0,8;0,8931;Alto;1;0,874;0,9622;Muy alto;1;0,949305556;0,974652778;Muy alto;1;1;1;Muy alto;0,880555556;0,930555556;Alto
DIRECCIÓN GENERAL;A21         ;Dirección general;42036;;;;;;;;;;;;;;;;;;;;;;;;;;;;;;;0,920428571;0,912040816;0,917912245;Muy alto;0,928333333;0,858796296;0,910166667;Muy alto;0,9083;0,8772;0,89957;Alto;0,89;0,853428571;0,879028571;Alto;0,92;0,848333333;0,884652778;Alto;0,918333333;0,936210317;0,927271825;Muy alto;0,779861111;0,854166667;Medio
DIRECCIÓN GENERAL;A24         ;Dirección general;42036;;;;;;;;;;;;;;;;;;;;;;;;;;;;;;;0,927333333;0,88;0,913133333;Muy alto;0,940833333;0,831944444;0,909083333;Muy alto;0,850833333;0,888;0,861983333;Alto;0,85;0,812;0,8386;Alto;1;0,8;0,9;Muy alto;0,916666667;0,866203704;0,891435185;Alto;0,698611111;0,777777778;Bajo
DIRECCIÓN GENERAL;A4231       ;Dirección general;42036;;;;;;;;;;;;;;;;;;;;;;;;;;;;;;;0,915526316;0,889548872;0,907733083;Muy alto;0,904375;0,833420139;0,8831125;Alto;0,911766667;0,831333333;0,887636667;Alto;0,913;0,8318;0,88864;Alto;0,929090909;0,881691919;0,905391414;Muy alto;0,895;0,835416667;0,865208333;Alto;0,861403509;0,881578947;Alto
DIRECCIÓN GENERAL;A4251       ;Dirección general;42036;;;;;;;;;;;;;;;;;;;;;;;;;;;;;;;0,887;0,920659341;0,897097802;Alto;0,978;0,828611111;0,93342;Muy alto;0,9525;0,8636;0,92583;Muy alto;;;;;;;;;;;;;0,820833333;0,800925926;Medio
DIRECCIÓN GENERAL;A4331       ;Dirección general;42036;;;;;;;;;;;;;;;;;;;;;;;;;;;;;;;1;0,928571429;0,978571429;Muy alto;;;;;;;;;;;;;;;;;;;;;;;
DIRECCIÓN GENERAL;A22         ;Dirección general;42036;;;;;;;;;;;;;;;;;;;;;;;;;;;;;;;0,934290625;0,840089286;0,906030223;Muy alto;0,879607143;0,813293651;0,859517857;Alto;0,8975;0,812142857;0,872107143;Alto;0,897272727;0,836363636;0,879;Alto;0,91;0,900555556;0,905277778;Muy alto;0,947777778;0,964506173;0,956141975;Muy alto;0,752083333;0,803571429;Medio
DIRECCIÓN GENERAL;A914        ;Dirección general;42036;;;;;;;;;;;;;;;;;;;;;;;;;;;;;;;1;0,969230769;0,990769231;Muy alto;0,95;0,947777778;0,94952;Muy alto;0,916666667;0,844;0,894866667;Alto;;;;;;;;;;;;;0,868333333;0,941666667;Alto
DIRECCIÓN GENERAL;A9111       ;Dirección general;42036;;;;;;;;;;;;;;;;;;;;;;;;;;;;;;;0,932857143;0,909340659;0,925802198;Muy alto;0,908333333;0,840740741;0,8905;Alto;0,9;0,811;0,8733;Alto;;;;;;;;;;;;;0,883333333;0,875;Alto
DIRECCIÓN GENERAL;A4213       ;Dirección general;42036;;;;;;;;;;;;;;;;;;;;;;;;;;;;;;;0,882666667;0,861904762;0,876438095;Alto;0,916666667;0,802546296;0,886;Alto;0,845;0,805;0,833;Alto;0,873333333;0,818666667;0,856933333;Alto;0,94;0,904166667;0,922083333;Muy alto;0;0;0;Muy bajo;0,643055556;0,666666667;Bajo
DIRECCIÓN GENERAL;A4214       ;Dirección general;42036;;;;;;;;;;;;;;;;;;;;;;;;;;;;;;;0,8126;0,812857143;0,812677143;Alto;0,84;0,776388889;0,82128;Alto;0,912;0,8664;0,89992;Alto;0,84;0,754;0,8142;Alto;0,876666667;0,861111111;0,868888889;Alto;0;0;0;Muy bajo;0,647222222;0,625;Bajo
DIRECCIÓN GENERAL;A653        ;Dirección general;42036;;;;;;;;;;;;;;;;;;;;;;;;;;;;;;;0,876666667;0,795238095;0,852238095;Alto;1;0,829861111;0,94985;Muy alto;1;0,850666667;0,9552;Muy alto;;;;;;;;;;;;;;;
DIRECCIÓN GENERAL;A655        ;Dirección general;42036;;;;;;;;;;;;;;;;;;;;;;;;;;;;;;;0,8865;0,925;0,89805;Alto;0,943;0,907361111;0,93241;Muy alto;0,96;0,9192;0,94776;Muy alto;;;;;;;;;;;;;;;
DIRECCIÓN GENERAL;A651        ;Dirección general;42036;;;;;;;;;;;;;;;;;;;;;;;;;;;;;;;0,8925;0,907142857;0,896892857;Alto;0,9988;0,900277778;0,97152;Muy alto;0,92;0,886;0,9098;Muy alto;0,883333333;0,818666667;0,863933333;Alto;0;0;0;Muy bajo;0;0;0;Muy bajo;0,808333333;0,883333333;Medio
DIRECCIÓN GENERAL;A631        ;Dirección general;42036;;;;;;;;;;;;;;;;;;;;;;;;;;;;;;;0,976333333;0,85;0,938433333;Muy alto;0,99;0,805277778;0,93516;Muy alto;1;0,7944;0,93832;Muy alto;0,928571429;0,790857143;0,887257143;Alto;0,983333333;0,987037037;0,985185185;Muy alto;0,91;0,896666667;0,903333333;Muy alto;0,905555556;0,951388889;Alto
DIRECCIÓN GENERAL;A632        ;Dirección general;42036;;;;;;;;;;;;;;;;;;;;;;;;;;;;;;;0,952214286;0,927142857;0,944692857;Muy alto;0,984285714;0,892857143;0,956571429;Muy alto;0,967142857;0,846857143;0,931057143;Muy alto;0,971428571;0,915142857;0,954542857;Muy alto;0,958;0,935;0,9465;Muy alto;0,9;0,853055556;0,876527778;Alto;0,950595238;0,982142857;Muy alto
DIRECCIÓN GENERAL;A23         ;Dirección general;42036;;;;;;;;;;;;;;;;;;;;;;;;;;;;;;;0,8826875;0,837857143;0,869238393;Alto;0,921428571;0,834920635;0,894828571;Alto;0,888;0,821142857;0,868371429;Alto;0,825;0,760666667;0,8057;Alto;0,868181818;0,859469697;0,863825758;Alto;0,833333333;0,827623457;0,830478395;Alto;0,814880952;0,898809524;Medio
DIRECCIÓN GENERAL;A4313       ;Dirección general;42036;;;;;;;;;;;;;;;;;;;;;;;;;;;;;;;0,950586957;0,945341615;0,949013354;Muy alto;0,982;0,941666667;0,97125;Muy alto;0,96345;0,8004;0,914535;Muy alto;0,996666667;0,805888889;0,939433333;Muy alto;0;0;0;Muy bajo;0;0;0;Muy bajo;0,83219697;0,84280303;Medio
DIRECCIÓN GENERAL;A4232       ;Dirección general;42036;;;;;;;;;;;;;;;;;;;;;;;;;;;;;;;0,995455455;0,822047952;0,943433204;Muy alto;0,8875;0,836388889;0,87276;Alto;0,9105;0,8454;0,89157;Alto;0,9;0,806333333;0,8719;Alto;0,984;0,806944444;0,895472222;Alto;0,968181818;0,913149351;0,940665584;Muy alto;0,8675;0,8875;Alto
DIRECCIÓN GENERAL;a4234       ;Dirección general;42036;;;;;;;;;;;;;;;;;;;;;;;;;;;;;;;0,959235294;0,873109244;0,933397479;Muy alto;0,908888889;0,805555556;0,878638889;Alto;0,904294118;0,806705882;0,875017647;Alto;0,901764706;0,887176471;0,897388235;Alto;0,913333333;0,858333333;0,885833333;Alto;0,842142857;0,838392857;0,840267857;Alto;0,806712963;0,856481481;Medio
DIRECCIÓN GENERAL;A           ;Dirección general;42036;0;0;0;0,5;0,5;0;0;0;0;1;0,5;0;0;0;0,5;0;0,166666667;0,166666667;0,166666667;0,5;0;0;0,166666667;0,166666667;0,666666667;0;0,166666667;0;0,166666667;0,666666667;1;1;1;Muy alto;1;0,879166667;0,9666;Muy alto;1;0,896;0,9688;Muy alto;0,8;0,75;0,785;Alto;0,9925;0,974305556;0,983402778;Muy alto;0,95;0,916666667;0,933333333;Muy alto;0,904166667;1;Alto
DIRECCIÓN GENERAL;A4          ;Dirección general;42036;0,2;0,2;0,1;0,1;0,4;0;0,2;0,1;0;0,7;0,1;0,1;0,3;0,1;0,4;0;0;0,4;0,2;0,4;0;0;0,2;0,2;0,6;0;0;0,6;0;0,4;1;1;1;Muy alto;0,945;0,913888889;0,9363;Muy alto;1;0,97;0,9455;Muy alto;0;0;0;Muy bajo;0,975;0,934490741;0,95474537;Muy alto;1;0,975;0,9875;Muy alto;0,85;0,916666667;Alto
DIRECCIÓN GENERAL;A9          ;Dirección general;42036;;;;;;;;;;;;;;;;0;0;0,25;0,5;0,25;0;0;0;0;1;0;0;0;0,25;0,75;1;1;1;Muy alto;1;0,961111111;0,9882;Muy alto;1;0,98;0,994;Muy alto;;;;;;;;;;;;;0,9375;0,958333333;Alto
DIRECCIÓN GENERAL;A6          ;Dirección general;42036;0;0;0,25;0,5;0,25;0;0;0;0;1;0;0;0;0;1;0;0;0,25;0;0,75;0;0;0,25;0;0,75;0;0;0,25;0,5;0,25;1;1;1;Muy alto;1;0,983333333;0,9916;Muy alto;1;0,972;0,9916;Muy alto;0;0;0;Muy bajo;0,953333333;0,909259259;0,931296296;Muy alto;1;1;1;Muy alto;0,975;1;Muy alto
DIRECCIÓN GENERAL;A7          ;Dirección general;42036;;;;;;;;;;;;;;;;0;0,333333333;0,333333333;0;0,333333333;0;0,666666667;0;0;0,333333333;0;0;0,666666667;0;0,333333333;1;0,99;0,997;Muy alto;1;0,961111111;0,9826;Muy alto;1;0,92;0,976;Muy alto;0;0;0;Muy bajo;0,9425;0,954265873;0,948382937;Muy alto;0;0;0;Muy bajo;0,9875;1;Muy alto
DIRECCIÓN GENERAL;A5          ;Dirección general;42036;0,6;0,2;0;0;0,2;0,4;0;0,2;0;0,4;0,4;0,2;0;0;0,4;0;0;0;0,2;0,8;0;0;0;0,4;0,6;0,2;0,2;0,2;0,2;0,2;1;0,99;0,997;Muy alto;1;0,922222222;0,98;Muy alto;1;0,898;0,9694;Muy alto;0;0;0;Muy bajo;0;0;0;Muy bajo;1;0,930555556;0,965277778;Muy alto;0,95;1;Muy alto
EJE CAFETERO;A4114       ;Regional;42036;0,269607843;0,176470588;0,176470588;0,171568627;0,205882353;0,132352941;0,181372549;0,171568627;0,200980392;0,31372549;0,073529412;0,132352941;0,259803922;0,151960784;0,382352941;0,104477612;0,109452736;0,233830846;0,199004975;0,353233831;0,109452736;0,149253731;0,194029851;0,228855721;0,31840796;0,104477612;0,109452736;0,233830846;0,199004975;0,353233831;0,809647857;0,814387755;0,811069827;Alto;0,736071429;0,861507937;0,775557143;Alto;0,527888889;0,825111111;0,6632875;Medio;0,7208975;0,8784;0,76814825;Alto;0,858571429;0,87281746;0,865694444;Alto;0,930833333;0,930671296;0,930752315;Muy alto;0,877380952;0,886904762;Alto
EJE CAFETERO;A411421     ;PDA;40026;0,1;0;0,3;0,2;0,4;0;0,3;0,1;0,4;0,2;0;0,2;0,4;0,3;0,1;0,375;0,125;0,125;0,25;0,125;0,125;0;0,5;0;0,375;0,125;0,125;0,375;0,125;0,25;0,866913;0,834857143;0,857296243;Alto;0,7056;0,873194444;0,75694;Alto;0,799666667;0,883777778;0,825233333;Alto;0,717857143;0,835142857;0,753042857;Alto;0,845;0,854027778;0,849513889;Alto;0,925454545;0,911742424;0,918598485;Muy alto;0,844444444;0,851851852;Medio
EJE CAFETERO;A411422     ;PDA;40179;0,363636364;0,090909091;0,090909091;0,272727273;0,181818182;0,090909091;0,090909091;0,181818182;0,363636364;0,272727273;0,090909091;0;0,363636364;0,090909091;0,454545455;0,416666667;0,25;0,25;0,083333333;0;0,083333333;0,333333333;0,333333333;0;0,25;0,083333333;0,25;0,333333333;0,25;0,083333333;0,81729;0,919285714;0,847888714;Alto;0,73425;0,809027778;0,756491667;Alto;0,651818182;0,799636364;0,6998;Medio;0,614375;0,783166667;0,6650125;Medio;0,844666667;0,800092593;0,82237963;Alto;0,904666667;0,895925926;0,900296296;Muy alto;0,841666667;0,871794872;Medio
EJE CAFETERO;A411411     ;PDA;41061;0,333333333;0,166666667;0,25;0;0,25;0,25;0,166666667;0,166666667;0,083333333;0,333333333;0,166666667;0,25;0,25;0,083333333;0,25;0,461538462;0,153846154;0,307692308;0;0,076923077;0,153846154;0,384615385;0,153846154;0,153846154;0,153846154;0,153846154;0,076923077;0,538461538;0;0,230769231;0,777504615;0,881868132;0,80881367;Alto;0,772857143;0,809325397;0,7868;Alto;0,83257;0,814461538;0,828651308;Alto;0,712115385;0,791076923;0,735803846;Medio;0,794166667;0,789930556;0,792048611;Alto;0,815384615;0,905876068;0,860630342;Alto;0,694940476;0,702380952;Bajo
EJE CAFETERO;A411412     ;PDA;41852;0,222222222;0,333333333;0,111111111;0,111111111;0,222222222;0,333333333;0;0,111111111;0,222222222;0,333333333;0,111111111;0,333333333;0;0,222222222;0,333333333;0,222222222;0,333333333;0,333333333;0;0,111111111;0,333333333;0,111111111;0,111111111;0,222222222;0,222222222;0,111111111;0;0,222222222;0,333333333;0,333333333;0,806725455;0,878181818;0,828162364;Alto;0,543555556;0,870679012;0,641244444;Medio;0,708875;0,8025;0,741375;Medio;0,8096875;0,8235;0,81383125;Alto;0,810714286;0,850297619;0,830505952;Alto;0,897692308;0,897542735;0,897617521;Alto;0,890833333;0,870833333;Alto
EJE CAFETERO;A411471     ;PDA;40725;0,111111111;0;0,333333333;0,333333333;0,222222222;0,111111111;0,111111111;0,111111111;0;0,666666667;0;0;0,111111111;0,222222222;0,666666667;0,166666667;0,25;0;0,25;0,333333333;0,083333333;0,083333333;0,333333333;0,333333333;0,166666667;0;0,166666667;0,166666667;0,416666667;0,25;0,854358889;0,907460317;0,870289317;Alto;0,762222222;0,834259259;0,785688889;Alto;0,7049875;0,91775;0,76881625;Alto;0,702966667;0,843;0,744976667;Medio;0,825454545;0,781944444;0,803699495;Alto;0,861428571;0,897420635;0,879424603;Alto;0,8734375;0,901041667;Alto
EJE CAFETERO;A411461     ;PDA;43718;0,444444444;0;0,111111111;0,111111111;0,333333333;0;0,111111111;0,444444444;0,222222222;0,222222222;0;0,111111111;0,222222222;0,222222222;0,444444444;0,545454545;0;0,090909091;0,090909091;0,272727273;0;0;0,363636364;0,454545455;0,181818182;0,090909091;0,181818182;0,181818182;0,090909091;0,454545455;0,83170375;0,955178571;0,868746196;Alto;0,797;0,886111111;0,82526;Alto;0,653694;0,93;0,7365858;Medio;0,62525625;0,878833333;0,701329375;Medio;0,8775;0,845833333;0,861666667;Alto;0,858;0,943472222;0,900736111;Muy alto;0,872685185;0,861111111;Alto
EJE CAFETERO;A41141      ;Agencia;38964;0,217391304;0,217391304;0,217391304;0,217391304;0,130434783;0,086956522;0,347826087;0,130434783;0,043478261;0,391304348;0,043478261;0,130434783;0,347826087;0,130434783;0,347826087;0,263157895;0,210526316;0,157894737;0,263157895;0,105263158;0,105263158;0,368421053;0,210526316;0,157894737;0,157894737;0,210526316;0,157894737;0,263157895;0,157894737;0,210526316;0,84503381;0,826394558;0,839442034;Alto;0,661826087;0,846859903;0,720504348;Medio;0,706304348;0,864869565;0,757634783;Alto;0,67095119;0,869238095;0,730437262;Medio;0,844;0,811875;0,8279375;Alto;0,874583333;0,829340278;0,851961806;Alto;0,828819444;0,840277778;Medio
EJE CAFETERO;A41142      ;Agencia;41640;0,409090909;0,318181818;0,090909091;0,090909091;0,090909091;0,136363636;0,227272727;0,136363636;0,181818182;0,318181818;0;0,181818182;0,318181818;0,181818182;0,318181818;0,25;0,333333333;0,166666667;0,125;0,125;0,125;0,041666667;0,166666667;0,25;0,416666667;0,041666667;0,083333333;0,25;0,25;0,375;0,778109583;0,782261905;0,77935528;Alto;0,490217391;0,837801932;0,599447826;Bajo;0,661086957;0,829565217;0,713213043;Medio;0,611446875;0,82425;0,675287813;Medio;0,783333333;0,913888889;0,848611111;Alto;0,92;0,933680556;0,926840278;Muy alto;0,779761905;0,791666667;Medio
EJE CAFETERO;A41143      ;Agencia;38953;0,285714286;0,142857143;0,285714286;0,214285714;0,071428571;0,357142857;0,214285714;0,357142857;0;0,071428571;0,071428571;0,357142857;0,214285714;0,142857143;0,214285714;0,3;0,1;0,2;0,2;0,2;0,15;0,35;0,1;0,1;0,3;0,1;0,15;0,3;0,2;0,25;0,819158571;0,865646259;0,833104878;Alto;0,753111111;0,91720679;0,803255556;Alto;0,5734375;0,84425;0,65405625;Medio;0,6897125;0,839111111;0,734532083;Medio;0,8025;0,901614583;0,852057292;Alto;0,82173913;0,899516908;0,860628019;Alto;0,787301587;0,775793651;Medio
EJE CAFETERO;A41144      ;Agencia;38978;0,272727273;0,136363636;0,227272727;0,136363636;0,227272727;0,136363636;0,136363636;0,090909091;0,318181818;0,318181818;0,181818182;0,045454545;0,272727273;0,181818182;0,318181818;0,35;0,15;0,15;0,15;0,2;0,1;0,05;0,2;0,25;0,4;0,15;0,1;0,15;0,1;0,5;0,831213636;0,88961039;0,848732662;Alto;0,677428571;0,92010582;0,751609524;Alto;0,573882353;0,807294118;0,644452941;Medio;0,668627273;0,807454545;0,710275455;Medio;0,796071429;0,855109127;0,825590278;Alto;0,793571429;0,846152211;0,81986182;Alto;0,891269841;0,880952381;Alto
EJE CAFETERO;A41145      ;Agencia;40210;0,285714286;0,142857143;0,071428571;0,214285714;0,285714286;0,071428571;0,214285714;0,214285714;0,285714286;0,214285714;0;0,071428571;0,142857143;0,071428571;0,714285714;;;;;;;;;;;;;;;;0,862507647;0,888403361;0,870276361;Alto;0,722333333;0,876666667;0,770166667;Alto;0,713621429;0,879285714;0,760106429;Alto;0,751801316;0,877789474;0,789597763;Alto;0,816315789;0,824780702;0,820548246;Alto;0,768947368;0,859795322;0,814371345;Alto;0,756666667;0,679166667;Medio
EJE CAFETERO;A41146      ;Agencia;40391;0,25;0,1875;0,0625;0,1875;0,3125;0,125;0,0625;0,0625;0,25;0,5;0,0625;0,0625;0,3125;0,125;0,4375;0,470588235;0;0;0,235294118;0,294117647;0,117647059;0,058823529;0,117647059;0,294117647;0,411764706;0,176470588;0,058823529;0,176470588;0,235294118;0,352941176;0,808826316;0,951503759;0,851629549;Alto;0,839117647;0,907026144;0,859823529;Alto;0,6615;0,901;0,735525;Medio;0,75625;0,925333333;0,806975;Alto;0,865294118;0,859640523;0,86246732;Alto;0,905882353;0,969444444;0,937663399;Muy alto;0,938596491;0,938596491;Alto
EJE CAFETERO;A41148      ;Agencia;44998;0,555555556;0,222222222;0,222222222;0;0;0,333333333;0,333333333;0,333333333;0;0;0,333333333;0,111111111;0,333333333;0,222222222;0;;;;;;;;;;;;;;;;0,793459091;0,786233766;0,791291494;Alto;0,8175;0,891550926;0,83955;Alto;0,7905;0,8934;0,82423;Alto;1;0,913;0,9739;Muy alto;0;0;0;Muy bajo;0;0;0;Muy bajo;0,898106061;0,897727273;Alto
EJE CAFETERO;A41147      ;Agencia;42511;0,166666667;0,166666667;0,25;0,083333333;0,333333333;0;0,25;0;0,5;0,25;0,083333333;0;0,166666667;0,083333333;0,666666667;0,090909091;0,227272727;0,181818182;0,181818182;0,318181818;0,090909091;0,045454545;0,136363636;0,454545455;0,272727273;0,045454545;0,090909091;0,090909091;0,136363636;0,636363636;0,827392667;0,876761905;0,842203438;Alto;0,793058824;0,841584967;0,809564706;Alto;0,685457647;0,839882353;0,733902706;Medio;0,646545455;0,866818182;0,712627273;Medio;0,71875;0,856336806;0,787543403;Alto;0,787894737;0,93539056;0,861642648;Alto;0,915277778;0,935185185;Alto
HUILA;A4115       ;Regional;42036;0,311538462;0,196153846;0,153846154;0,188461538;0,15;0,123076923;0,184615385;0,219230769;0,230769231;0,242307692;0,142307692;0,188461538;0,184615385;0,180769231;0,303846154;0,139830508;0,194915254;0,237288136;0,152542373;0,275423729;0,088983051;0,169491525;0,254237288;0,237288136;0,25;0,139830508;0,194915254;0,237288136;0,152542373;0,275423729;0,840596875;0,819285714;0,834203527;Alto;0,821071429;0,84375;0,829364286;Alto;0,6609;0,8636;0,72171;Medio;0,886666667;0,829777778;0,8696;Alto;0,826428571;0,893253968;0,85984127;Alto;0,873;0,889305556;0,881152778;Alto;0,862202381;0,875;Alto
HUILA;A411571     ;PDA;39722;0,3125;0,25;0,125;0,3125;0;0,0625;0,0625;0,3125;0,3125;0,25;0;0,3125;0,25;0,25;0,1875;0,357142857;0,142857143;0,285714286;0,142857143;0,071428571;0,214285714;0,142857143;0,357142857;0,142857143;0,142857143;0,214285714;0,285714286;0,428571429;0,071428571;0;0,778546667;0,864857143;0,80443981;Alto;0,797058824;0,855310458;0,815005882;Alto;0,502601765;0,852705882;0,6790615;Medio;0,783611111;0,851333333;0,803927778;Alto;0,832631579;0,889035088;0,860833333;Alto;0,925789474;0,908640351;0,917214912;Muy alto;0,882843137;0,894607843;Alto
HUILA;A411521     ;PDA;40360;0,076923077;0,153846154;0,153846154;0,307692308;0,307692308;0;0,230769231;0,076923077;0,230769231;0,461538462;0,153846154;0,153846154;0,153846154;0,153846154;0,384615385;0,157894737;0,052631579;0,157894737;0,315789474;0,315789474;0;0,105263158;0,210526316;0,315789474;0,368421053;0,157894737;0,157894737;0,105263158;0,315789474;0,263157895;0,787207692;0,935274725;0,831627802;Alto;0,5116875;0,783506944;0,59914375;Bajo;0,485066667;0,783733333;0,574666667;Bajo;0,727;0,867866667;0,76926;Alto;0,851875;0,845208333;0,848541667;Alto;0,899285714;0,93640873;0,917847222;Muy alto;0,92;0,933333333;Alto
HUILA;A411522     ;PDA;42709;0,307692308;0,307692308;0,230769231;0,076923077;0,076923077;0,153846154;0,461538462;0,153846154;0,153846154;0,076923077;0,230769231;0,230769231;0,153846154;0,230769231;0,153846154;0,230769231;0,307692308;0,230769231;0,153846154;0,076923077;0;0,230769231;0,307692308;0,230769231;0,230769231;0,153846154;0,230769231;0,076923077;0,153846154;0,384615385;0,782788462;0,920879121;0,824215659;Alto;0,736153846;0,824893162;0,761961538;Alto;0,6280425;0,8115;0,688938083;Medio;0,694615385;0,808153846;0,728676923;Medio;0,792857143;0,788095238;0,79047619;Alto;0,85;0,849218021;0,84960901;Alto;0,894583333;0,9125;Alto
HUILA;A411531     ;PDA;41275;0,307692308;0,076923077;0,076923077;0,230769231;0,307692308;0;0,153846154;0,461538462;0,230769231;0,153846154;0,230769231;0,076923077;0,153846154;0,230769231;0,307692308;0,285714286;0,071428571;0;0,357142857;0,285714286;0,071428571;0,214285714;0,357142857;0,142857143;0,214285714;0,071428571;0;0,285714286;0;0,642857143;0,83406375;0,897946429;0,853228554;Alto;0,945;0,92202381;0,938321429;Muy alto;0,776666667;0,9345;0,825125;Alto;0,813318182;0,858363636;0,826831818;Alto;0,871875;0,859027778;0,865451389;Alto;0,860882353;0,895833333;0,878357843;Alto;0,912777778;0,927777778;Alto
HUILA;A411562     ;PDA;43456;0,583333333;0,166666667;0,166666667;0;0,083333333;0,166666667;0,166666667;0,25;0,416666667;0;0,083333333;0,083333333;0,166666667;0,166666667;0,5;;;;;;;;;;;;;;;;0,82206;0,864857143;0,834899143;Alto;0,462399231;0,868055556;0,597741;Bajo;0,533615385;0,842769231;0,626361538;Medio;0,686730769;0,897384615;0,749926923;Medio;0,7925;0,81875;0,805625;Alto;0,937142857;0,875396825;0,906269841;Muy alto;0,84775641;0,875;Medio
HUILA;A411551     ;PDA;41780;0,1875;0,3125;0,0625;0,25;0,1875;0,0625;0,1875;0,0625;0,3125;0,375;0,125;0,3125;0,0625;0,25;0,25;0,235294118;0,176470588;0,117647059;0,058823529;0,411764706;0,058823529;0,058823529;0,294117647;0,176470588;0,411764706;0,058823529;0,235294118;0,176470588;0,117647059;0,411764706;0,835914375;0,859017857;0,84284542;Alto;0,486470588;0,899428105;0,618194118;Medio;0,7743;0,92875;0,8211975;Alto;0,8494875;0,854222222;0,850907917;Alto;0,54125;0,882118056;0,711684028;Medio;0,797222222;0,876774691;0,836998457;Alto;0,871111111;0,872222222;Alto
HUILA;A4115611    ;PDA;44915;0,166666667;0,166666667;0;0,5;0,166666667;0;0;0,166666667;0,666666667;0,166666667;0;0,333333333;0;0,333333333;0,333333333;;;;;;;;;;;;;;;;0,887722222;0,868730159;0,882024603;Alto;0,8522;0,842777778;0,85191;Alto;0,852666667;0,845777778;0,8506;Alto;;;;;;;;;;;;;0,974537037;0,981481481;Muy alto
HUILA;A4115612    ;PDA;45007;0,375;0;0,125;0,25;0,25;0,125;0,125;0,125;0,125;0,5;0,125;0;0,25;0,375;0,25;;;;;;;;;;;;;;;;0,868764286;0,885102041;0,873665612;Alto;0,439688889;0,920833333;0,59416;Bajo;0,644;0,8372;0,70626;Medio;;;;;;;;;;;;;0,928333333;0,941666667;Alto
HUILA;A411563     ;PDA;44896;0,2;0,2;0,4;0;0,2;0;0;0;0,6;0,4;0;0,2;0,2;0,2;0,4;;;;;;;;;;;;;;;;0,9054;0,851571429;0,889251429;Alto;0,962222222;0,833796296;0,923766667;Muy alto;1;0,881;0,9643;Muy alto;;;;;;;;;;;;;0,961979167;0,927083333;Muy alto
HUILA;A41151      ;Agencia;39524;0,230769231;0,192307692;0,115384615;0,192307692;0,269230769;0,038461538;0,153846154;0,076923077;0,230769231;0,5;0,115384615;0,115384615;0,038461538;0,192307692;0,538461538;0,333333333;0,166666667;0,041666667;0,333333333;0,125;0,083333333;0,083333333;0,25;0,291666667;0,291666667;0,166666667;0,125;0,333333333;0,083333333;0,291666667;0,782704;0,860285714;0,805978514;Alto;0,580428571;0,829861111;0,658596429;Medio;0,457875;0,932833333;0,6004875;Medio;0,63;0,8048;0,68244;Medio;0,88;0,894360269;0,887180135;Alto;0,85969697;0,855429293;0,857563131;Alto;0,923214286;0,931547619;Alto
HUILA;A41152      ;Agencia;36617;0,214285714;0,357142857;0,142857143;0,142857143;0,142857143;0,142857143;0,071428571;0,214285714;0,285714286;0,285714286;0,142857143;0,071428571;0,214285714;0,285714286;0,285714286;0,318181818;0,181818182;0,181818182;0,181818182;0,136363636;0,136363636;0,136363636;0,363636364;0,090909091;0,272727273;0,136363636;0,227272727;0,272727273;0,090909091;0,272727273;0,763096471;0,837563025;0,785436437;Alto;0,789666111;0,944521605;0,836799611;Alto;0,390314375;0,879;0,552714733;Bajo;0,646125;0,8503;0,7073775;Medio;0,643333333;0,895987654;0,769660494;Alto;0,846842105;0,880879282;0,863860693;Alto;0,844722222;0,844444444;Medio
HUILA;A41153      ;Agencia;38365;0,318181818;0,090909091;0,136363636;0,227272727;0,227272727;0,227272727;0,181818182;0,181818182;0,136363636;0,272727273;0,045454545;0,227272727;0,181818182;0,090909091;0,454545455;0,318181818;0,227272727;0,090909091;0,227272727;0,136363636;0,136363636;0,227272727;0,045454545;0,5;0,090909091;0,136363636;0,181818182;0,318181818;0,045454545;0,318181818;0,7809984;0,813485714;0,790744594;Alto;0,730208333;0,813599537;0,756083333;Alto;0,374217391;0,897130435;0,542295455;Bajo;0,650739583;0,864416667;0,714842708;Medio;0,877142857;0,873343254;0,875243056;Alto;0,814516129;0,910234255;0,862375192;Alto;0,931439394;0,960227273;Alto
HUILA;A41154      ;Agencia;39722;0,466666667;0,2;0,166666667;0,133333333;0,033333333;0,3;0,333333333;0,133333333;0,066666667;0,166666667;0,166666667;0,233333333;0,333333333;0,2;0,066666667;0;1;0;0;0;0;0;1;0;0;0;1;0;0;0;0,828342333;0,883619048;0,844925348;Alto;0,7746875;0,904600694;0,8138875;Alto;0,314103448;0,834068966;0,470093103;Muy bajo;0,7618;0,84296;0,786148;Alto;0,556428571;0,794890873;0,675659722;Medio;0,850666667;0,911898148;0,881282407;Alto;0,778763441;0,782258065;Medio
HUILA;A41155      ;Agencia;39468;0,444444444;0,222222222;0,111111111;0,166666667;0,055555556;0,111111111;0,222222222;0,277777778;0,333333333;0,055555556;0,222222222;0,111111111;0,333333333;0,111111111;0,222222222;0,25;0,214285714;0,107142857;0,214285714;0,214285714;0,071428571;0,142857143;0,107142857;0,321428571;0,357142857;0,142857143;0,178571429;0,25;0,214285714;0,214285714;0,844568421;0,91075188;0,864423459;Alto;0,63425;0,921597222;0,722605;Medio;0,58088;0,8646;0,665026;Medio;0,80895;0,897809524;0,835607857;Alto;0,804545455;0,909785354;0,857165404;Alto;0,871363636;0,900063131;0,885713384;Alto;0,8265625;0,861979167;Medio
HUILA;A411561     ;Agencia;40360;0,4375;0,0625;0,1875;0,25;0,0625;0,25;0,0625;0,4375;0,125;0,125;0,125;0,1875;0,25;0;0,4375;0,421052632;0,105263158;0,157894737;0,105263158;0,210526316;0,157894737;0,263157895;0,105263158;0,315789474;0,157894737;0,210526316;0,315789474;0,157894737;0,157894737;0,157894737;0,810404444;0,891904762;0,83485454;Alto;0,449580556;0,934876543;0,607311944;Medio;0,6385;0,890125;0,7128375;Medio;0,7955;0,8304;0,80597;Alto;0,794117647;0,820098039;0,807107843;Alto;0,810526316;0,815862573;0,813194444;Alto;0,914444444;0,95;Alto
HUILA;A41156      ;Agencia;42646;0,214285714;0,142857143;0,357142857;0,214285714;0,071428571;0,142857143;0,142857143;0,428571429;0,285714286;0;0,357142857;0,214285714;0,142857143;0,214285714;0,071428571;0,16;0,2;0,32;0,2;0,12;0,04;0,28;0,36;0,16;0,16;0,08;0,24;0,28;0,24;0,16;0,794618636;0,861493506;0,814681097;Alto;0,780136364;0,920517677;0,824281818;Alto;0,5884;0,9133;0,68656;Medio;0,867938462;0,901846154;0,878110769;Alto;0,590740741;0,9093107;0,75002572;Alto;0,9496;0,948666667;0,949133333;Muy alto;0,803958333;0,827083333;Medio
HUILA;A41157      ;Agencia;41426;0,222222222;0,333333333;0,166666667;0,055555556;0,222222222;0;0,222222222;0,333333333;0,111111111;0,333333333;0,166666667;0,277777778;0,111111111;0,055555556;0,388888889;0,222222222;0,277777778;0,111111111;0,166666667;0,222222222;0,111111111;0,166666667;0,388888889;0,055555556;0,277777778;0,166666667;0,111111111;0,111111111;0,277777778;0,333333333;0,79768381;0,849795918;0,813317442;Alto;0,754761905;0,806415344;0,774528571;Alto;0,468055556;0,828111111;0,576088889;Bajo;0,705195455;0,799181818;0,733391364;Medio;0,75;0,866898148;0,808449074;Alto;0,8972;0,900111111;0,898655556;Alto;0,932407407;0,918981481;Alto
LLANOS ORIENTALES;A4123       ;Regional;42036;0,273148148;0,199074074;0,180555556;0,189814815;0,157407407;0,180555556;0,12037037;0,180555556;0,222222222;0,296296296;0,092592593;0,166666667;0,231481481;0,175925926;0,333333333;0,106918239;0,194968553;0,182389937;0,182389937;0,333333333;0,182389937;0,119496855;0,169811321;0,238993711;0,289308176;0,106918239;0,194968553;0,182389937;0,182389937;0,333333333;0,841407059;0,847310924;0,843178218;Alto;0,7205;0,853055556;0,75944;Alto;0,808125;0,84825;0,8252875;Alto;0,757916667;0,834166667;0,780791667;Alto;0,888333333;0,877314815;0,882824074;Alto;0,819411765;0,813153595;0,81628268;Alto;0,92375;0,945833333;Alto
LLANOS ORIENTALES;A412341     ;PDA;44884;0,142857143;0;0,285714286;0,571428571;0;0;0;0,285714286;0,285714286;0,428571429;0;0,428571429;0,142857143;0,142857143;0,285714286;;;;;;;;;;;;;;;;0,825894167;0,924642857;0,855518774;Alto;0,859333333;0,875771605;0,863788889;Alto;0,925555556;0,989555556;0,944755556;Muy alto;0,858333333;0,980666667;0,895033333;Alto;0;0;0;Muy bajo;0;0;0;Muy bajo;0,960984848;0,946969697;Muy alto
LLANOS ORIENTALES;A412361     ;PDA;40238;0,285714286;0,214285714;0,214285714;0;0,285714286;0,214285714;0,071428571;0,142857143;0,214285714;0,357142857;0,142857143;0,142857143;0,285714286;0,071428571;0,357142857;0,176470588;0,176470588;0,176470588;0,176470588;0,294117647;0,117647059;0;0,176470588;0,352941176;0,352941176;0,058823529;0,294117647;0,235294118;0,235294118;0,176470588;0,750305294;0,878655462;0,788810345;Alto;0,748388889;0,947916667;0,8072;Alto;0,7785;0,883166667;0,8077;Alto;0,724264706;0,916941176;0,782067647;Alto;0,92625;0,922048611;0,924149306;Muy alto;0,815789474;0,854166667;0,83497807;Alto;0,86412037;0,905092593;Alto
LLANOS ORIENTALES;A412371     ;PDA;40238;0,214285714;0,142857143;0,5;0;0,142857143;0,071428571;0,214285714;0,142857143;0,285714286;0,285714286;0;0,285714286;0,214285714;0,214285714;0,285714286;;;;;;;;;;;;;;;;0,820525333;0,837333333;0,825567733;Alto;0,820714286;0,834821429;0,824185714;Alto;0,665785714;0,863;0,726892857;Medio;0,715961538;0,927846154;0,779526923;Alto;0,889285714;0,877621882;0,883453798;Alto;0,89875;0,832118056;0,865434028;Alto;0,859444444;0,891666667;Alto
LLANOS ORIENTALES;A41231      ;Agencia;39167;0,2;0,15;0,2;0,25;0,2;0,3;0,2;0,15;0,1;0,25;0,1;0,1;0,15;0,2;0,45;0,238095238;0,19047619;0,142857143;0,142857143;0,285714286;0,19047619;0,285714286;0,19047619;0,19047619;0,142857143;0,142857143;0,19047619;0,142857143;0,238095238;0,285714286;0,809316;0,840857143;0,818778343;Alto;0,651454545;0,80094697;0,696418182;Medio;0,534727273;0,785545455;0,610736364;Medio;0,634519231;0,810538462;0,687325;Medio;0,892608696;0,903743961;0,898176329;Alto;0,840384615;0,830662393;0,835523504;Alto;0,823731884;0,851449275;Medio
LLANOS ORIENTALES;A41232      ;Agencia;39845;0,0625;0,1875;0,125;0,375;0,25;0;0,0625;0,125;0,25;0,5625;0;0;0,125;0,3125;0,5625;0,095238095;0,19047619;0;0,476190476;0,238095238;0,047619048;0,142857143;0,19047619;0,333333333;0,285714286;0,047619048;0,19047619;0,142857143;0,142857143;0,476190476;0,817922381;0,920612245;0,84872934;Alto;0,691;0,958152174;0,774021739;Alto;0,768521739;0,915913043;0,815795652;Alto;0,840568182;0,916454545;0,863334091;Alto;0,906;0,886805556;0,896402778;Alto;0,882173913;0,879347826;0,88076087;Alto;0,932007576;0,939393939;Alto
LLANOS ORIENTALES;A41238      ;Agencia;42877;0,4375;0,0625;0,0625;0,1875;0,25;0,1875;0,125;0;0,375;0,3125;0,25;0,0625;0,375;0,0625;0,25;0,222222222;0,277777778;0,055555556;0,222222222;0,222222222;0,055555556;0;0,222222222;0,222222222;0,5;0;0,166666667;0,277777778;0,166666667;0,388888889;0,827426471;0,865630252;0,838887605;Alto;0,591888889;0,86875;0,6812;Medio;0,720588235;0,884705882;0,768441176;Alto;0,662794118;0,887294118;0,730144118;Medio;0,888125;0,89296875;0,890546875;Alto;0,855;0,852604167;0,853802083;Alto;0,796064815;0,819444444;Medio
LLANOS ORIENTALES;A412321     ;Agencia;43385;0,176470588;0,117647059;0,294117647;0,117647059;0,294117647;0;0,058823529;0,235294118;0,294117647;0,411764706;0;0;0,058823529;0,294117647;0,647058824;0,076923077;0,307692308;0,153846154;0;0,461538462;0;0,076923077;0,153846154;0,230769231;0,538461538;0;0;0,230769231;0,076923077;0,692307692;0,772888889;0,918571429;0,816593651;Alto;0,665631579;0,882748538;0,730494737;Medio;0,742222222;0,925666667;0,796805556;Alto;0,727985294;0,851764706;0,765119118;Alto;0,88952381;0,884325397;0,886924603;Alto;0,850526316;0,936988304;0,89375731;Alto;0,877631579;0,901315789;Alto
LLANOS ORIENTALES;A41233      ;Agencia;39081;0,555555556;0,111111111;0;0,185185185;0,148148148;0,37037037;0,185185185;0,185185185;0,111111111;0,148148148;0,185185185;0,333333333;0,148148148;0,111111111;0,222222222;0,263157895;0,315789474;0,210526316;0,157894737;0,052631579;0,421052632;0,157894737;0,105263158;0,210526316;0,105263158;0,210526316;0,315789474;0,157894737;0,157894737;0,157894737;0,817585172;0,953842365;0,85846233;Alto;0,626133333;0,874444444;0,700883333;Medio;0,301666667;0,818666667;0,455863333;Muy bajo;0,692884615;0,922538462;0,761780769;Alto;0,903214286;0,983333333;0,94327381;Muy alto;0,808571429;0,877232143;0,842901786;Alto;0,723611111;0,758333333;Medio
LLANOS ORIENTALES;A41234      ;Agencia;39569;0,454545455;0,272727273;0,272727273;0;0;0,090909091;0,090909091;0,272727273;0,363636364;0,181818182;0;0,272727273;0,363636364;0,181818182;0,181818182;0,076923077;0,230769231;0,153846154;0,384615385;0,153846154;0;0,076923077;0,153846154;0,307692308;0,461538462;0,153846154;0,076923077;0,076923077;0,307692308;0,384615385;0,846678;0,946666667;0,8766746;Alto;0,746333333;0,927777778;0,80315;Alto;0,757363636;0,938727273;0,86881;Alto;0,729666667;0,948666667;0,795366667;Alto;0,896111111;0,888734568;0,89242284;Alto;0,9195;0,917916667;0,918708333;Muy alto;0,926041667;0,958333333;Alto
LLANOS ORIENTALES;A41235      ;Agencia;37887;0,210526316;0,473684211;0,105263158;0,157894737;0,052631579;0,210526316;0,157894737;0,315789474;0,157894737;0,157894737;0,105263158;0,105263158;0,315789474;0,210526316;0,263157895;0,529411765;0,235294118;0,058823529;0,117647059;0,058823529;0,705882353;0,117647059;0,058823529;0;0,117647059;0,352941176;0,235294118;0,117647059;0,117647059;0,176470588;0,793895185;0,908730159;0,828345677;Alto;0,805888889;0,94686214;0,848177778;Alto;0,3622;0,87648;0,525795833;Bajo;0,506826923;0,566692308;0,596278846;Bajo;0,855925926;0,908024691;0,881975309;Alto;0,7832;0,817555556;0,800377778;Alto;0,783179012;0,808641975;Medio
LLANOS ORIENTALES;A41236      ;Agencia;41944;0,28125;0,28125;0,15625;0,21875;0,0625;0,28125;0,0625;0,1875;0,25;0,21875;0,15625;0,1875;0,34375;0,125;0,1875;0,176470588;0,176470588;0,117647059;0,411764706;0,117647059;0,058823529;0,117647059;0,294117647;0,294117647;0,235294118;0;0,176470588;0,294117647;0,176470588;0,352941176;0,798616429;0,863265306;0,818011092;Alto;0,587607143;0,902827381;0,687835714;Medio;0,697107143;0,824071429;0,736596429;Medio;0,624196429;0,842214286;0,689601786;Medio;0,874137931;0,898754789;0,88644636;Alto;0,715;0,784275794;0,749637897;Medio;0,803869048;0,811011905;Medio
LLANOS ORIENTALES;A41237      ;Agencia;40132;0,130434783;0,217391304;0,217391304;0,260869565;0,173913043;0,086956522;0,130434783;0,173913043;0,173913043;0,434782609;0;0,173913043;0,217391304;0,217391304;0,391304348;0,333333333;0,333333333;0;0;0,333333333;0;0,333333333;0;0,333333333;0,333333333;0;0,333333333;0;0,333333333;0,333333333;0,802184615;0,857912088;0,818902857;Alto;0,793153846;0,799038462;0,795884615;Alto;0,7146;0,80008;0,742376;Medio;0,774134615;0,798538462;0,781455769;Alto;0,906153846;0,878547009;0,892350427;Alto;0,850344828;0,824952107;0,837648467;Alto;0,915740741;0,935185185;Alto
NARIÑO;A4111       ;Regional;42036;0,458461538;0,196923077;0,129230769;0,12;0,095384615;0,218461538;0,203076923;0,24;0,178461538;0,16;0,218461538;0,227692308;0,218461538;0,150769231;0,184615385;0,176638177;0,242165242;0,239316239;0,168091168;0,173789174;0,170940171;0,213675214;0,199430199;0,245014245;0,170940171;0,176638177;0,242165242;0,239316239;0,168091168;0,173789174;0,84628;0,891984127;0,859991238;Alto;0,778333333;0,891388889;0,8131;Alto;0,758733077;0,856769231;0,833372583;Alto;0,888465625;0,837;0,873025938;Alto;0,922222222;0,896759259;0,909490741;Muy alto;0,872666667;0,861203704;0,866935185;Alto;0,9;0,944444444;Alto
NARIÑO;A411121     ;PDA;39539;0,714285714;0;0,142857143;0,142857143;0;0,285714286;0,285714286;0,142857143;0,285714286;0;0,285714286;0,285714286;0,142857143;0,142857143;0,142857143;0,5;0,2;0;0,3;0;0,2;0,3;0,2;0,3;0;0,6;0,2;0;0,2;0;0,830341818;0,850779221;0,836473039;Alto;0,898888889;0,899074074;0,898988889;Alto;0,780888889;0,828222222;0,7887;Alto;0,89105;0,8804;0,887855;Alto;0,910909091;0,887247475;0,899078283;Alto;0,933;0,920555556;0,926777778;Muy alto;0,834722222;0,865740741;Medio
NARIÑO;A411122     ;PDA;44909;0,285714286;0,285714286;0,285714286;0;0,142857143;0;0,428571429;0,142857143;0,142857143;0,285714286;0,142857143;0,285714286;0,428571429;0;0,142857143;;;;;;;;;;;;;;;;0,75228;0,814285714;0,770881714;Alto;0,825714286;0,810119048;0,8207;Alto;0,832;0,828333333;0,8315;Alto;0,63489375;0,885;0,709925625;Medio;0;0;0;Muy bajo;0;0;0;Muy bajo;0,906547619;0,916666667;Alto
NARIÑO;A4111811    ;PDA;44909;0,625;0,125;0,125;0;0,125;0,25;0,125;0,25;0,25;0,125;0,375;0,125;0,125;0,125;0,25;;;;;;;;;;;;;;;;0,861194444;0,932698413;0,882645635;Alto;0,904444444;0,975771605;0,924955556;Muy alto;0,984375;0,938;0,9704625;Muy alto;0,806721429;0,921714286;0,841219286;Alto;0;0;0;Muy bajo;0;0;0;Muy bajo;0,884583333;0,8875;Alto
NARIÑO;A411141     ;PDA;44915;0,428571429;0,285714286;0;0,142857143;0,142857143;0,142857143;0,285714286;0,285714286;0,142857143;0,142857143;0,142857143;0,142857143;0,285714286;0,285714286;0,142857143;;;;;;;;;;;;;;;;0,852992727;0,862727273;0,855913091;Alto;0,6658;0,82209596;0,721641818;Medio;0,828454545;0,876363636;0,842827273;Alto;0,737;0,9148;0,79034;Alto;0;0;0;Muy bajo;0;0;0;Muy bajo;0,793560606;0,84469697;Medio
NARIÑO;A411131     ;PDA;40238;0,333333333;0,333333333;0,333333333;0;0;0,333333333;0,166666667;0,333333333;0,083333333;0,083333333;0,166666667;0,416666667;0,25;0;0,166666667;0,375;0,0625;0,3125;0,1875;0,0625;0,3125;0,125;0,125;0,375;0,0625;0,125;0,3125;0,25;0,1875;0,125;0,902760714;0,962959184;0,920820255;Muy alto;0,892357143;0,973809524;0,916207143;Muy alto;0,875818571;0,957571429;0,904094429;Muy alto;0,71375;0,854666667;0,756025;Alto;0,84;0,87724359;0,858621795;Alto;0,93;0,919543651;0,924771825;Muy alto;0,836858974;0,881410256;Medio
NARIÑO;A411173     ;PDA;45007;0,5;0,25;0;0,25;0;0;0;0,75;0;0,25;0;0,5;0,25;0;0,25;;;;;;;;;;;;;;;;0,816666667;0,933333333;0,851666667;Alto;0,826666667;0,854166667;0,841233333;Alto;0,912;0,9004;0,90912;Muy alto;;;;;;;;;;;;;0,917857143;0,93452381;Alto
NARIÑO;A411161     ;PDA;41365;0,625;0,25;0,125;0;0;0,625;0;0,125;0,125;0,125;0,75;0,125;0,125;0;0;0,363636364;0,363636364;0,181818182;0,090909091;0;0,090909091;0,272727273;0,272727273;0,272727273;0,090909091;0,181818182;0,545454545;0,272727273;0;0;0,806201667;0,946309524;0,848234024;Alto;0,772272727;0,881565657;0,805736364;Alto;0,94875;0,96425;0,9534;Muy alto;0,905273077;0,862769231;0,892521923;Alto;0,835714286;0,85327381;0,844494048;Alto;0,867777778;0,935185185;0,901481481;Muy alto;0,896296296;0,898148148;Alto
NARIÑO;A411162     ;PDA;43718;0,333333333;0,222222222;0,222222222;0,111111111;0,111111111;0,333333333;0,111111111;0,111111111;0,333333333;0,111111111;0,111111111;0,222222222;0,111111111;0,333333333;0,222222222;0,545454545;0;0,181818182;0,181818182;0,090909091;0;0,090909091;0,272727273;0,363636364;0,272727273;0;0,090909091;0,363636364;0,181818182;0,363636364;0,849344167;0,868809524;0,855183774;Alto;0,581090909;0,842676768;0,664081818;Medio;0,855984;0,9228;0,8783988;Alto;0,8416925;0,8836;0,85426475;Alto;0,803076923;0,809401709;0,806239316;Alto;0,940714286;0,981150794;0,96093254;Muy alto;0,878787879;0,863636364;Alto
NARIÑO;A411171     ;PDA;40299;0,444444444;0,333333333;0,222222222;0;0;0,333333333;0,111111111;0,222222222;0,111111111;0,222222222;0,111111111;0,444444444;0,333333333;0,111111111;0;0;0;1;0;0;0;0;1;0;0;0;0;0;0;1;0,857551667;0,916666667;0,875286167;Alto;0,845;0,891666667;0,8617;Alto;0,90125;0,9425;0,913625;Muy alto;0,9145875;0,899333333;0,91001125;Muy alto;0,846;0,881481481;0,863740741;Alto;0,879285714;0,827678571;0,853482143;Alto;0,897222222;0,930555556;Alto
NARIÑO;A411172     ;PDA;43374;0,666666667;0;0,166666667;0,166666667;0;0,166666667;0,333333333;0,166666667;0,166666667;0,166666667;0,333333333;0;0,166666667;0,166666667;0,333333333;0,266666667;0,333333333;0,266666667;0,133333333;0;0,133333333;0;0,2;0,266666667;0,4;0,133333333;0,133333333;0,266666667;0,066666667;0,4;0,9505425;0,911904762;0,938951179;Muy alto;0,839166667;0,876157407;0,8485;Alto;0,870666667;0,875333333;0,873666667;Alto;0,64195625;0,914;0,723569375;Medio;0,820714286;0,86140873;0,841061508;Alto;0,847857143;0,900892857;0,874375;Alto;0,845833333;0,892857143;Medio
NARIÑO;A411111     ;PDA;45007;0,5;0,25;0;0,25;0;0;0,25;0;0,25;0,5;0;0;0,25;0,25;0,5;;;;;;;;;;;;;;;;0,966846667;0,932142857;0,956435524;Muy alto;0,832;0,913333333;0,85792;Alto;0,93;0,972666667;0,9428;Muy alto;0,7579125;0,867;0,79063875;Alto;0;0;0;Muy bajo;0;0;0;Muy bajo;0,948333333;0,95;Alto
NARIÑO;A41111      ;Agencia;35915;0,419354839;0,161290323;0,129032258;0,129032258;0,161290323;0,161290323;0,161290323;0,35483871;0,096774194;0,225806452;0,161290323;0,258064516;0,225806452;0,161290323;0,193548387;0,319148936;0,106382979;0,29787234;0,14893617;0,127659574;0,106382979;0,212765957;0,255319149;0,255319149;0,170212766;0,14893617;0,276595745;0,29787234;0,085106383;0,191489362;0,8807025;0,937589286;0,897768536;Alto;0,6085;0,932916667;0,711343333;Medio;0,782068966;0,840551724;0,799717241;Alto;0,731146875;0,858;0,769202813;Alto;0,816585366;0,833604336;0,825094851;Alto;0,797261905;0,846650605;0,821956255;Alto;0,902403846;0,915064103;Alto
NARIÑO;A41112      ;Agencia;40299;0,285714286;0,142857143;0,142857143;0,285714286;0,142857143;0,142857143;0,214285714;0,142857143;0,142857143;0,357142857;0,214285714;0,285714286;0,071428571;0,071428571;0,357142857;0,384615385;0,076923077;0,230769231;0,307692308;0;0,076923077;0,384615385;0,076923077;0,307692308;0,153846154;0,307692308;0;0,230769231;0,153846154;0,307692308;0,75573125;0,886875;0,795074375;Alto;0,769333333;0,87287037;0,79976;Alto;0,825923077;0,814461538;0,820946154;Alto;0,766479688;0,872375;0,798248281;Alto;0,821764706;0,902287582;0,862026144;Alto;0,820625;0,847743056;0,834184028;Alto;0,930637255;0,941176471;Alto
NARIÑO;A41113      ;Agencia;36831;0,580645161;0,129032258;0,064516129;0,096774194;0,129032258;0,225806452;0,290322581;0,258064516;0,129032258;0,096774194;0,35483871;0,225806452;0,225806452;0,096774194;0,096774194;0,4;0,085714286;0,228571429;0,171428571;0,114285714;0,371428571;0,228571429;0,171428571;0,114285714;0,114285714;0,228571429;0,2;0,285714286;0,114285714;0,171428571;0,846731212;0,929480519;0,871556004;Alto;0,767966667;0,893796296;0,808106667;Alto;0,5385;0,9044;0,649483333;Medio;0,61796875;0,7855625;0,668246875;Medio;0,826153846;0,840064103;0,833108974;Alto;0,842105263;0,872953216;0,85752924;Alto;0,845972222;0,851388889;Medio
NARIÑO;A41114      ;Agencia;38645;0,392857143;0,285714286;0,107142857;0,107142857;0,107142857;0,321428571;0,142857143;0,25;0,071428571;0,214285714;0,25;0,285714286;0,178571429;0,214285714;0,071428571;0,459459459;0,27027027;0,135135135;0,108108108;0,027027027;0,243243243;0,27027027;0,27027027;0,162162162;0,054054054;0,216216216;0,216216216;0,324324324;0,189189189;0,054054054;0,821070303;0,82;0,820749212;Alto;0,804411765;0,878553922;0,82575;Alto;0,670914242;0,852181818;0,728100576;Medio;0,760487121;0,859272727;0,790122803;Alto;0,860857143;0,874246032;0,867551587;Alto;0,834473684;0,834576023;0,834524854;Alto;0,801166667;0,838333333;Medio
NARIÑO;A41115      ;Agencia;39814;0,476190476;0,285714286;0,095238095;0,095238095;0,047619048;0,333333333;0,095238095;0,333333333;0,142857143;0,095238095;0,19047619;0,238095238;0,285714286;0,142857143;0,142857143;0,4;0,24;0,08;0,16;0,12;0,2;0,36;0,12;0,12;0,2;0,12;0,36;0,08;0,28;0,16;0,801318696;0,800807453;0,801165323;Alto;0,53696;0,895;0,650788;Medio;0,815565238;0,804666667;0,815638524;Alto;0,841913043;0,932782609;0,869173913;Alto;0,753043478;0,873671498;0,813357488;Alto;0,83;0,794791667;0,812395833;Alto;0,849810606;0,871212121;Medio
NARIÑO;A41116      ;Agencia;38852;0,375;0,166666667;0,125;0,25;0,083333333;0,208333333;0,25;0,25;0,25;0,041666667;0,125;0,125;0,208333333;0,166666667;0,375;0,264705882;0,176470588;0,294117647;0,147058824;0,117647059;0,088235294;0,205882353;0,176470588;0,352941176;0,176470588;0,117647059;0,205882353;0,147058824;0,352941176;0,176470588;0,81435125;0,935178571;0,850599446;Alto;0,55425;0,842534722;0,647270833;Medio;0,84334381;0,908571429;0,864964476;Alto;0,815078;0,87552;0,8332106;Alto;0,743823529;0,742664566;0,743244048;Medio;0,832571429;0,848809524;0,840690476;Alto;0,833974359;0,838141026;Medio
NARIÑO;A411181     ;Agencia;40269;0,5;0,142857143;0,142857143;0,142857143;0,071428571;0,071428571;0,357142857;0,214285714;0,142857143;0,214285714;0,357142857;0,285714286;0,214285714;0;0,142857143;0,619047619;0,19047619;0,142857143;0;0,047619048;0,238095238;0,238095238;0,19047619;0,19047619;0,142857143;0,380952381;0,285714286;0,142857143;0,095238095;0,095238095;0,856265294;0,884537815;0,86474705;Alto;0,603333333;0,924351852;0,701293333;Medio;0,869006154;0,913230769;0,882504308;Alto;0,842126667;0,875866667;0,852248667;Alto;0,726315789;0,927850877;0,827083333;Alto;0,92;0,900173611;0,910086806;Muy alto;0,874722222;0,902777778;Alto
NARIÑO;A41117      ;Agencia;40909;0,413793103;0,206896552;0,172413793;0,068965517;0,137931034;0;0,137931034;0,275862069;0,413793103;0,172413793;0,103448276;0,24137931;0,137931034;0,275862069;0,24137931;0,375;0,35;0,05;0,15;0,075;0,125;0,2;0,225;0,275;0,175;0,075;0,325;0,275;0,15;0,175;0,773488387;0,924285714;0,818727585;Alto;0,601090909;0,886111111;0,6911;Medio;0,588815806;0,87083871;0,673577516;Medio;0,626985294;0,859647059;0,696783824;Medio;0,882727273;0,860227273;0,871477273;Alto;0,880263158;0,865095029;0,872679094;Alto;0,93125;0,9375;Alto
NARIÑO;A41118      ;Agencia;41244;0,529411765;0,117647059;0,117647059;0,117647059;0,117647059;0,235294118;0,117647059;0,117647059;0,294117647;0,235294118;0,294117647;0,117647059;0,176470588;0,176470588;0,235294118;0,428571429;0,095238095;0,047619048;0,333333333;0,095238095;0,095238095;0,142857143;0,238095238;0,238095238;0,285714286;0,142857143;0,19047619;0,19047619;0,19047619;0,285714286;0,799414091;0,918896104;0,835258695;Alto;0,777944444;0,974537037;0,837861111;Alto;0,87754125;0,933375;0,895253875;Alto;0,826017045;0,928363636;0,856721023;Alto;0,729230769;0,841826923;0,785528846;Alto;0,866538462;0,897649573;0,882094017;Alto;0,906510417;0,927083333;Alto
NARIÑO;A41119      ;Agencia;44774;0,555555556;0,222222222;0,055555556;0,111111111;0,055555556;0,277777778;0,388888889;0,111111111;0,166666667;0,055555556;0,111111111;0,166666667;0,444444444;0,222222222;0,055555556;0,571428571;0,214285714;0;0,142857143;0,071428571;0,142857143;0,071428571;0;0,357142857;0,428571429;0,142857143;0,142857143;0,357142857;0,214285714;0,142857143;0,80172087;0,897204969;0,830366099;Alto;0,534982609;0,875483092;0,647292174;Medio;0,85826087;0,930608696;0,881056522;Alto;0,743711364;0,896090909;0,789425227;Alto;0;0;0;Muy bajo;0;0;0;Muy bajo;0,88875;0,914583333;Alto
NORORIENTE;A4124       ;Regional;42036;0,264;0,184;0,224;0,16;0,168;0,152;0,168;0,224;0,232;0,224;0,072;0,168;0,192;0,232;0,336;0,080357143;0,178571429;0,178571429;0,178571429;0,383928571;0,035714286;0,142857143;0,267857143;0,223214286;0,330357143;0,080357143;0,178571429;0,178571429;0,178571429;0,383928571;0,853;0,934081633;0,87732449;Alto;0,8075;0,81875;0,81185;Alto;0,8825;0,8585;0,8753;Alto;0,969;0,8644;0,93762;Muy alto;0,8875;0,913541667;0,900520833;Muy alto;0,895555556;0,889197531;0,892376543;Alto;0,856944444;0,888888889;Alto
NORORIENTE;A41241      ;Agencia;42618;0,333333333;0,142857143;0,19047619;0,238095238;0,095238095;0,19047619;0,285714286;0,238095238;0,19047619;0,095238095;0,19047619;0,19047619;0,142857143;0,142857143;0,333333333;0,291666667;0,041666667;0,083333333;0,291666667;0,291666667;0,041666667;0,125;0,333333333;0,041666667;0,458333333;0,041666667;0,166666667;0,208333333;0,166666667;0,416666667;0,800563636;0,864415584;0,819719221;Alto;0,679823;0,915416667;0,7505161;Alto;0,749328421;0,824315789;0,774140421;Alto;0,833125;0,8698;0,8441275;Alto;0,891315789;0,925877193;0,908596491;Muy alto;0,912352941;0,977696078;0,94502451;Muy alto;0,823464912;0,824561404;Medio
NORORIENTE;A41244      ;Agencia;42558;0,076923077;0,153846154;0;0,153846154;0,615384615;0,076923077;0,153846154;0,153846154;0,153846154;0,461538462;0;0,076923077;0,230769231;0,230769231;0,461538462;0,133333333;0,2;0,2;0,133333333;0,333333333;0;0,133333333;0,2;0,133333333;0,533333333;0;0,333333333;0,2;0;0,466666667;0,782455238;0,874965986;0,810208463;Alto;0,76997;0,85479798;0,797515364;Alto;0,828904762;0,876952381;0,843680952;Alto;0,885375;0,8223;0,8664525;Alto;0,941666667;0,870601852;0,906134259;Muy alto;0,927777778;0,920447531;0,924112654;Muy alto;0,875416667;0,860416667;Alto
NORORIENTE;A41246      ;Agencia;41275;0,263157895;0,105263158;0,157894737;0,157894737;0,315789474;0,105263158;0,210526316;0,105263158;0,210526316;0,368421053;0,052631579;0,210526316;0,052631579;0,157894737;0,526315789;0,205882353;0,205882353;0,117647059;0,176470588;0,294117647;0,029411765;0,088235294;0,264705882;0,264705882;0,352941176;0,058823529;0,176470588;0,147058824;0,176470588;0,441176471;0,806923333;0,88989418;0,831814587;Alto;0,813938966;0,900287356;0,839798655;Alto;0,904;0,925285714;0,9106;Muy alto;0,85890625;0,913625;0,875321875;Alto;0,688148148;0,737911523;0,713029835;Medio;0,742068966;0,842090859;0,792079912;Alto;0,924810606;0,9375;Alto
NORORIENTE;A41247      ;Agencia;42583;0,35;0,2;0,3;0,1;0,05;0,05;0,05;0,4;0,35;0,15;0,05;0,25;0,25;0,3;0,15;0,388888889;0,388888889;0,166666667;0,055555556;0;0,111111111;0,333333333;0,222222222;0,333333333;0;0,166666667;0,166666667;0,222222222;0,333333333;0,111111111;0,844040909;0,903831169;0,861977987;Alto;0,844656818;0,888825758;0,8585825;Alto;0,794095238;0,934190476;0,868485;Alto;0,722763158;0,925684211;0,783639474;Alto;0,806111111;0,833641975;0,819876543;Alto;0,7465;0,867420635;0,806960317;Alto;0,90515873;0,928571429;Alto
NORORIENTE;A41248      ;Agencia;42560;0,214285714;0,214285714;0,214285714;0,285714286;0,071428571;0,142857143;0,142857143;0,214285714;0,285714286;0,214285714;0,071428571;0,071428571;0,357142857;0,285714286;0,214285714;0,105263158;0,210526316;0,210526316;0,263157895;0,210526316;0;0,105263158;0,315789474;0,315789474;0,263157895;0,157894737;0,105263158;0,157894737;0,210526316;0,368421053;0,744573333;0,81847619;0,76674419;Alto;0,616563125;0,830381944;0,680869188;Medio;0,600142857;0,883857143;0,688371429;Medio;0,590342105;0,841052632;0,665555263;Medio;0,732666667;0,835;0,783833333;Alto;0,833809524;0,894246032;0,864027778;Alto;0,846875;0,8125;Medio
NORORIENTE;A41249      ;Agencia;41061;0,269230769;0,230769231;0,269230769;0,115384615;0,115384615;0,192307692;0,192307692;0,153846154;0,230769231;0,230769231;0;0,115384615;0,115384615;0,269230769;0,5;0;0;0;1;0;0;0;0;0,5;0,5;0;0;0;0;1;0,798629259;0,873386243;0,821056354;Alto;0,807751786;0,879712302;0,829558393;Alto;0,794928571;0,862785714;0,838225926;Alto;0,811319;0,84568;0,8216273;Alto;0,823;0,831666667;0,827333333;Alto;0,849642857;0,849811508;0,849727183;Alto;0,867746914;0,854938272;Alto
NORORIENTE;A412410     ;Agencia;42055;0,25;0,25;0,416666667;0,083333333;0;0,333333333;0,083333333;0,333333333;0,166666667;0,083333333;0,166666667;0,25;0,333333333;0,25;0;;;;;;;;;;;;;;;;0,743117647;0,816722689;0,76519916;Alto;0,436875;0,809114583;0,5620375;Bajo;0,879;0,924571429;0,893121429;Alto;0,840441176;0,803176471;0,829261765;Alto;0,812352941;0,830555556;0,821454248;Alto;0,947058824;0,968954248;0,958006536;Muy alto;0,861363636;0,848484848;Alto
TOLIMA;A4116       ;Regional;42036;0,155462185;0,197478992;0,151260504;0,24789916;0,24789916;0,092436975;0,092436975;0,159663866;0,25210084;0,403361345;0,088235294;0,142857143;0,142857143;0,168067227;0,457983193;0,071895425;0,176470588;0,222222222;0,196078431;0,333333333;0,062091503;0,160130719;0,179738562;0,254901961;0,343137255;0,071895425;0,176470588;0,222222222;0,196078431;0,333333333;0,88820125;0,898791209;0,906541516;Muy alto;0,769214286;0,837797619;0,789407143;Alto;0,63046;0,8522;0,696982;Medio;0,646538462;0,821692308;0,699084615;Medio;0,923333333;0,890740741;0,907037037;Muy alto;0,856190476;0,845171958;0,850681217;Alto;0,969166667;0,983333333;Muy alto
TOLIMA;A411681     ;PDA;41426;0,090909091;0,181818182;0,090909091;0,363636364;0,272727273;0;0,181818182;0;0,181818182;0,636363636;0,090909091;0,090909091;0,181818182;0,181818182;0,454545455;0,214285714;0,142857143;0,142857143;0,214285714;0,285714286;0,071428571;0,142857143;0,285714286;0,285714286;0,214285714;0,071428571;0,285714286;0,142857143;0,071428571;0,428571429;0,793896154;0,885164835;0,821276758;Alto;0,695;0,842559524;0,743914286;Medio;0,635833333;0,844833333;0,702283333;Medio;0,6647;0,814909091;0,709762727;Medio;0,833333333;0,826736111;0,830034722;Alto;0,887333333;0,882037037;0,884685185;Alto;0,914880952;0,93452381;Alto
TOLIMA;A411661     ;PDA;42639;0;0,272727273;0,181818182;0,090909091;0,454545455;0;0;0,181818182;0,181818182;0,636363636;0;0,090909091;0,090909091;0,272727273;0,545454545;0,125;0,0625;0,25;0,3125;0,25;0;0,125;0,25;0,25;0,375;0,0625;0,1875;0,25;0,1875;0,3125;0,84054;0,884387755;0,853694327;Alto;0,699307692;0,788782051;0,730546154;Medio;0,524628462;0,860923077;0,625516846;Medio;0,650539063;0,867625;0,715664844;Medio;0,870666667;0,874537037;0,872601852;Alto;0,862;0,874074074;0,868037037;Alto;0,931845238;0,889880952;Alto
TOLIMA;A411672     ;PDA;41697;0,25;0;0,375;0,25;0,125;0;0,25;0,25;0,375;0,125;0,125;0,5;0,125;0;0,25;0,230769231;0,307692308;0,076923077;0,230769231;0,153846154;0,153846154;0,076923077;0,230769231;0,461538462;0,076923077;0,076923077;0,076923077;0,461538462;0,384615385;0;0,792046429;0,866632653;0,814422296;Alto;0,477;0,893402778;0,6188;Medio;0,542636364;0,807818182;0,624836364;Medio;0,724973214;0,787142857;0,743624107;Medio;0,769285714;0,85515873;0,812222222;Alto;0,9225;0,834982639;0,878741319;Alto;0,902916667;0,9125;Alto
TOLIMA;A41161      ;Agencia;40725;0,214285714;0,214285714;0,285714286;0,071428571;0,214285714;0,142857143;0;0,214285714;0,214285714;0,428571429;0,071428571;0,142857143;0,214285714;0;0,571428571;0,263157895;0,157894737;0,105263158;0,315789474;0,157894737;0,105263158;0,157894737;0,210526316;0,052631579;0,473684211;0,157894737;0,315789474;0,052631579;0,157894737;0,315789474;0,790174737;0,869398496;0,813941865;Alto;0,775352941;0,806944444;0,785894118;Alto;0,554887333;0,892133333;0,657761133;Medio;0,670270238;0,817428571;0,714417738;Medio;0,875526316;0,840350877;0,857938596;Alto;0,909473684;0,910102339;0,909788012;Muy alto;0,876470588;0,862745098;Alto
TOLIMA;A41162      ;Agencia;42235;0,25;0,0625;0,125;0,3125;0,25;0;0,125;0,25;0,375;0,25;0,125;0,1875;0,25;0;0,4375;0,210526316;0,105263158;0,210526316;0,315789474;0,157894737;0;0;0,052631579;0,421052632;0,526315789;0;0,157894737;0,315789474;0,210526316;0,315789474;0,815501429;0,891972789;0,838442837;Alto;0,615045455;0,917234848;0,70865;Medio;0,728833333;0,823222222;0,758427778;Alto;0,752058824;0,957529412;0,8137;Alto;0,78;0,903888889;0,841944444;Alto;0,827142857;0,881150794;0,854146825;Alto;0,866898148;0,898148148;Alto
TOLIMA;A41163      ;Agencia;36708;0,230769231;0,192307692;0,115384615;0,153846154;0,307692308;0,192307692;0,038461538;0,115384615;0,192307692;0,461538462;0,076923077;0,269230769;0,115384615;0,038461538;0,5;0,162162162;0,108108108;0,189189189;0,297297297;0,243243243;0;0,135135135;0,135135135;0,324324324;0,405405405;0,054054054;0,189189189;0,162162162;0,162162162;0,432432432;0,778748462;0,961648352;0,833618429;Alto;0,57928;0,789388889;0,648096;Medio;0,443652174;0,821565217;0,558130435;Bajo;0,489596774;0,797806452;0,582059677;Bajo;0,832758621;0,872940613;0,852849617;Alto;0,83;0,854053288;0,842026644;Alto;0,868923611;0,869791667;Alto
TOLIMA;A411641     ;Agencia;39783;0,166666667;0,416666667;0;0,166666667;0,25;0,083333333;0;0,333333333;0,25;0,333333333;0;0,25;0;0,166666667;0,583333333;0,3;0,15;0,15;0,2;0,2;0;0,05;0,2;0,25;0,5;0;0,05;0,25;0,1;0,6;0,786145294;0,927731092;0,828621034;Alto;0,550823529;0,888970588;0,653111765;Medio;0,470529412;0,830823529;0,578852941;Bajo;0,764139474;0,849894737;0,789866053;Alto;0,911111111;0,919212963;0,915162037;Muy alto;0,946315789;0,929532164;0,937923977;Muy alto;0,862990196;0,879901961;Alto
TOLIMA;A41164      ;Agencia;40817;0,090909091;0,363636364;0,181818182;0,272727273;0,090909091;0,181818182;0,272727273;0,090909091;0,272727273;0,181818182;0,181818182;0,090909091;0,090909091;0,363636364;0,272727273;0,428571429;0,071428571;0,142857143;0,214285714;0,142857143;0,142857143;0,285714286;0,142857143;0,214285714;0,214285714;0,142857143;0,214285714;0,285714286;0,142857143;0,214285714;0,824398235;0,831512605;0,826532546;Alto;0,723428571;0,925892857;0,785578571;Alto;0,540673846;0,870769231;0,639702462;Medio;0,494357813;0,85425;0,602325469;Medio;0,85625;0,83203125;0,844140625;Alto;0,855333333;0,822685185;0,839009259;Alto;0,847115385;0,875;Medio
TOLIMA;A411631     ;Agencia;41710;0,066666667;0,2;0,066666667;0,533333333;0,133333333;0,133333333;0,133333333;0,2;0,066666667;0,466666667;0,133333333;0,066666667;0,133333333;0,2;0,466666667;0,1875;0,0625;0,25;0,125;0,375;0;0,1875;0,3125;0,25;0,25;0;0,25;0,3125;0,3125;0,125;0,826755625;0,928035714;0,857139652;Alto;0,656764706;0,843627451;0,716270588;Medio;0,525647059;0,859882353;0,625917647;Medio;0,658888889;0,841222222;0,713588889;Medio;0,817;0,907777778;0,862388889;Alto;0,842;0,83968254;0,84084127;Alto;0,937990196;0,919117647;Alto
TOLIMA;A41165      ;Agencia;38457;0,24;0,04;0,2;0,24;0,28;0,08;0,04;0,16;0,24;0,48;0,08;0,04;0,08;0,2;0,6;0,208333333;0,25;0,208333333;0,083333333;0,25;0,125;0,25;0,166666667;0,083333333;0,375;0,041666667;0,125;0,25;0,208333333;0,375;0,799675357;0,917295918;0,834961526;Alto;0,601076923;0,951549145;0,70985;Medio;0,5054;0,85952;0,611208;Medio;0,6055;0,9108;0,69709;Medio;0,892419355;0,902060932;0,897240143;Alto;0,860535714;0,920634921;0,890585317;Alto;0,882051282;0,884615385;Alto
TOLIMA;A411671     ;Agencia;39600;0;0,285714286;0,071428571;0,5;0,142857143;0,071428571;0,142857143;0,071428571;0,357142857;0,357142857;0,142857143;0,142857143;0,214285714;0,357142857;0,142857143;0,210526316;0,368421053;0,105263158;0,105263158;0,210526316;0,105263158;0,263157895;0,263157895;0,210526316;0,157894737;0,157894737;0,105263158;0,315789474;0,210526316;0,210526316;0,781415294;0,850420168;0,802116756;Alto;0,772705882;0,883251634;0,8072;Alto;0,451583333;0,884166667;0,65088;Medio;0,7425;0,843894737;0,772918421;Alto;0,810769231;0,833012821;0,821891026;Alto;0,896842105;0,868421053;0,882631579;Alto;0,919345238;0,928571429;Alto
TOLIMA;A411651     ;Agencia;41734;0,230769231;0,153846154;0,153846154;0,153846154;0,307692308;0,153846154;0,153846154;0,230769231;0,153846154;0,307692308;0,076923077;0,230769231;0,153846154;0,230769231;0,307692308;0,176470588;0,235294118;0,294117647;0,117647059;0,176470588;0;0,235294118;0,235294118;0,294117647;0,235294118;0,058823529;0,294117647;0,117647059;0,176470588;0,352941176;0,806605556;0,836825397;0,815671508;Alto;0,764892857;0,837202381;0,786589286;Alto;0,580076923;0,824;0,690433333;Medio;0,724868421;0,844842105;0,760860526;Alto;0,872857143;0,857936508;0,865396825;Alto;0,8175;0,8890625;0,85328125;Alto;0,834821429;0,857142857;Medio
TOLIMA;A41166      ;Agencia;39007;0,105263158;0,315789474;0,105263158;0,210526316;0,263157895;0,105263158;0,157894737;0,105263158;0,263157895;0,368421053;0,052631579;0,052631579;0,210526316;0,263157895;0,421052632;0,214285714;0,178571429;0,214285714;0,285714286;0,107142857;0,142857143;0,107142857;0,214285714;0,178571429;0,357142857;0,035714286;0,178571429;0,142857143;0,25;0,392857143;0,807258966;0,910935961;0,838362064;Alto;0,533391304;0,82192029;0,627352174;Medio;0,501904762;0,871142857;0,611557143;Medio;0,655519444;0,800148148;0,698908056;Medio;0,863125;0,863386657;0,863255828;Alto;0,869677419;0,867383513;0,868530466;Alto;0,867857143;0,89484127;Alto
TOLIMA;A41167      ;Agencia;39569;0,2;0,15;0,2;0,15;0,3;0;0,1;0,25;0,3;0,35;0,1;0,05;0,15;0,2;0,5;0,178571429;0,178571429;0,214285714;0,214285714;0,214285714;0,035714286;0,142857143;0,071428571;0,428571429;0,321428571;0,071428571;0,107142857;0,25;0,214285714;0,357142857;0,775416071;0,910612245;0,815974923;Alto;0,476652174;0,960144928;0,628352174;Medio;0,456136364;0,928454545;0,598177273;Bajo;0,520575926;0,903777778;0,635536481;Medio;0,715384615;0,753472222;0,734428419;Medio;0,921153846;0,933653846;0,927403846;Muy alto;0,942613636;0,960227273;Alto
TOLIMA;A41168      ;Agencia;40057;0,086956522;0,217391304;0,173913043;0,304347826;0,217391304;0,130434783;0;0,043478261;0,347826087;0,47826087;0,086956522;0,130434783;0,130434783;0,130434783;0,52173913;0,363636364;0,090909091;0,136363636;0,272727273;0,136363636;0,090909091;0,272727273;0,090909091;0,136363636;0,409090909;0,181818182;0,181818182;0,181818182;0,181818182;0,272727273;0,829507308;0,859340659;0,838457313;Alto;0,743416667;0,924768519;0,798733333;Alto;0,547971818;0,870454545;0,644784818;Medio;0,74332875;0,8117;0,763840125;Alto;0,803333333;0,800520833;0,801927083;Alto;0,89;0,920896465;0,905448232;Muy alto;0,892234848;0,895833333;Alto
VALLE DEL CAUCA;A4113       ;Regional;42036;0,282685512;0,19434629;0,134275618;0,183745583;0,204946996;0,190812721;0,247349823;0,180212014;0,180212014;0,201413428;0,106007067;0,197879859;0,212014134;0,176678445;0,307420495;0,045454545;0,155844156;0,233766234;0,181818182;0,383116883;0,113636364;0,201298701;0,185064935;0,266233766;0,233766234;0,045454545;0,155844156;0,233766234;0,181818182;0,383116883;0,846057143;0,893376623;0,872863896;Alto;0,6548;0,815;0,70841;Medio;0,71475;0,88325;0,7653;Alto;0,80691;0,8396;0,816717;Alto;0,743333333;0,822916667;0,783125;Alto;0,82;0,808333333;0,814166667;Alto;0,864583333;0,875;Alto
VALLE DEL CAUCA;A4113101    ;PDA;40026;0,25;0,25;0,25;0,125;0,125;0,125;0,1875;0,125;0,375;0,1875;0,125;0,1875;0,1875;0,25;0,25;0,266666667;0,133333333;0,133333333;0,266666667;0,2;0;0,133333333;0,333333333;0,4;0,133333333;0,066666667;0,266666667;0,133333333;0,133333333;0,4;0,835696667;0,87952381;0,84884481;Alto;0,644241176;0,777287582;0,692139412;Medio;0,798666667;0,801333333;0,802793333;Alto;0,806054688;0,815375;0,808850781;Alto;0,791428571;0,831618481;0,811523526;Alto;0,866;0,885925926;0,875962963;Alto;0,85;0,8515625;Alto
VALLE DEL CAUCA;A411391     ;PDA;40725;0,3125;0,1875;0,1875;0,125;0,1875;0,375;0,3125;0,25;0;0,0625;0,1875;0,25;0,25;0,125;0,1875;0,3125;0,25;0;0,1875;0,25;0,1875;0,0625;0,1875;0,25;0,3125;0,0625;0,25;0,0625;0,1875;0,4375;0,83203;0,923333333;0,859421;Alto;0,60675;0,836111111;0,67559375;Medio;0,6469375;0,82475;0,7040375;Medio;0,852321429;0,883857143;0,861782143;Alto;0,636153846;0,883333333;0,75974359;Alto;0,886666667;0,882962963;0,884814815;Alto;0,742857143;0,791666667;Medio
VALLE DEL CAUCA;A411392     ;PDA;43284;0,416666667;0,166666667;0,333333333;0,083333333;0;0,333333333;0,416666667;0,166666667;0,083333333;0;0,083333333;0,25;0,333333333;0,083333333;0,25;0,454545455;0,181818182;0,181818182;0;0,181818182;0,181818182;0,272727273;0,090909091;0,272727273;0,181818182;0;0,181818182;0,272727273;0,272727273;0,272727273;0,813153846;0,809230769;0,811976923;Alto;0,686923077;0,798183761;0,721676923;Medio;0,556538462;0,791846154;0,626261538;Medio;0,634883333;0,796666667;0,683418333;Medio;0,826923077;0,849786325;0,838354701;Alto;0,892857143;0,920535714;0,906696429;Muy alto;0,745486111;0,756944444;Medio
VALLE DEL CAUCA;A41128      ;Agencia;39600;0,1;0,1;0,3;0,4;0,1;0,1;0,2;0,2;0,2;0,3;0,1;0,1;0,1;0,1;0,6;0,421052632;0,157894737;0,157894737;0,105263158;0,157894737;0,052631579;0,368421053;0,210526316;0,157894737;0,210526316;0,052631579;0,157894737;0,421052632;0,105263158;0,263157895;0,841172667;0,914952381;0,863306581;Alto;0,63605;0,865711806;0,7140225;Medio;0,824;0,894;0,848661538;Alto;0,6962125;0,933375;0,76736125;Alto;0,837647059;0,963888889;0,900767974;Muy alto;0,872352941;0,922140523;0,897246732;Alto;0,926041667;0,913194444;Alto
VALLE DEL CAUCA;A4113111    ;Agencia;42268;0,538461538;0,153846154;0,153846154;0,076923077;0,076923077;0,461538462;0,307692308;0,076923077;0;0,153846154;0,153846154;0,538461538;0,076923077;0,076923077;0,153846154;0,266666667;0;0,4;0,2;0,133333333;0,2;0,266666667;0,333333333;0,133333333;0,066666667;0,066666667;0,266666667;0,2;0,266666667;0,2;0,7701525;0,804910714;0,780579964;Alto;0,55475;0,9;0,66440625;Medio;0,725461538;0,875076923;0,771161538;Alto;0,742175;0,9156;0,7942025;Alto;0,8575;0,826388889;0,841944444;Alto;0,909375;0,903697917;0,906536458;Muy alto;0,781770833;0,760416667;Medio
VALLE DEL CAUCA;A41131      ;Agencia;40756;0,3125;0,1875;0,125;0,3125;0,0625;0,1875;0,1875;0,375;0,0625;0,1875;0,125;0,5625;0,125;0,125;0,0625;0,157894737;0,368421053;0,157894737;0,210526316;0,105263158;0,105263158;0,105263158;0,263157895;0,105263158;0,421052632;0,157894737;0,157894737;0,157894737;0,315789474;0,210526316;0,829731176;0,898739496;0,850433672;Alto;0,710941176;0,887418301;0,767411765;Alto;0,664529412;0,835882353;0,715694118;Medio;0,586345833;0,800555556;0,65060875;Medio;0,777894737;0,780336257;0,779115497;Alto;0,8155;0,884375;0,8499375;Alto;0,823333333;0,858333333;Medio
VALLE DEL CAUCA;A41133      ;Agencia;42326;0,117647059;0,235294118;0;0,058823529;0,588235294;0,176470588;0,176470588;0,117647059;0;0,529411765;0,058823529;0,117647059;0,235294118;0,235294118;0,352941176;0,142857143;0,071428571;0,285714286;0,142857143;0,357142857;0,071428571;0,285714286;0,142857143;0,142857143;0,357142857;0;0,071428571;0,285714286;0,214285714;0,428571429;0,82428381;0,929795918;0,855937442;Alto;0,8042675;0,938611111;0,84677725;Alto;0,769278824;0,888;0,808495176;Alto;0,817928571;0,847571429;0,826821429;Alto;0,860666667;0,824166667;0,842416667;Alto;0,907058824;0,894444444;0,900751634;Muy alto;0,928125;0,919270833;Alto
VALLE DEL CAUCA;a411312     ;Agencia;45000;0,3125;0,1875;0,0625;0,0625;0,375;0;0,375;0,25;0,1875;0,1875;0,1875;0,1875;0,3125;0,125;0,1875;;;;;;;;;;;;;;;;0,799897368;0,871578947;0,821401842;Alto;0,5803125;0,83828125;0,6602375;Medio;0,838734286;0,939285714;0,869585429;Alto;0,783414286;0,881714286;0,812904286;Alto;0;0;0;Muy bajo;0;0;0;Muy bajo;0,842948718;0,846153846;Medio
VALLE DEL CAUCA;A41134      ;Agencia;40817;0,307692308;0,230769231;0,153846154;0,076923077;0,230769231;0,076923077;0,461538462;0,230769231;0,076923077;0,153846154;0,076923077;0,153846154;0,230769231;0,230769231;0,307692308;0,227272727;0,181818182;0,136363636;0,090909091;0,363636364;0,318181818;0,181818182;0,045454545;0,136363636;0,318181818;0,045454545;0,318181818;0,136363636;0,136363636;0,363636364;0,801562857;0,835102041;0,811624612;Alto;0,643052632;0,813815789;0,6959;Medio;0,619734118;0,890588235;0,699672706;Medio;0,670423684;0,848421053;0,723822895;Medio;0,854285714;0,90515873;0,879722222;Alto;0,893;0,874652778;0,883826389;Alto;0,92127193;0,936403509;Alto
VALLE DEL CAUCA;A41135      ;Agencia;42373;0,133333333;0,2;0;0,333333333;0,333333333;0,466666667;0,266666667;0,133333333;0,133333333;0;0,133333333;0,133333333;0,266666667;0,2;0,266666667;0,071428571;0,214285714;0,142857143;0,214285714;0,357142857;0;0,357142857;0;0,214285714;0,428571429;0,071428571;0,071428571;0,142857143;0,285714286;0,428571429;0,759117647;0,792589286;0,763481161;Alto;0,643947368;0,794152047;0,689705263;Medio;0,606875;0,77925;0,65898125;Medio;0,754821429;0,785428571;0,764003571;Alto;0,797777778;0,801234568;0,799506173;Alto;0,861111111;0,870910494;0,866010802;Alto;0,800245098;0,81372549;Medio
VALLE DEL CAUCA;A41136      ;Agencia;40848;0,25;0,1;0,15;0,3;0,2;0,2;0,05;0,05;0,2;0,5;0,15;0,25;0,15;0,1;0,35;0,263157895;0,157894737;0,105263158;0,105263158;0,368421053;0,105263158;0,210526316;0,105263158;0,263157895;0,315789474;0,105263158;0,210526316;0,105263158;0,210526316;0,368421053;0,795143043;0,883229814;0,821569075;Alto;0,760217391;0,818115942;0,778691304;Alto;0,653023182;0,811272727;0,704807136;Medio;0,627175;0,808333333;0,6815225;Medio;0,705;0,816736111;0,760868056;Alto;0,824705882;0,799428105;0,812066993;Alto;0,903598485;0,928030303;Alto
VALLE DEL CAUCA;A41137      ;Agencia;42653;0,266666667;0,266666667;0;0,4;0,066666667;0,066666667;0,266666667;0,2;0,266666667;0,2;0,066666667;0,2;0,2;0,333333333;0,2;0,210526316;0,210526316;0,210526316;0,105263158;0,263157895;0,210526316;0,052631579;0,157894737;0,526315789;0,052631579;0;0,105263158;0,421052632;0,263157895;0,210526316;0,8434725;0,843214286;0,843395036;Alto;0,511642857;0,859722222;0,622985714;Medio;0,615653636;0,918545455;0,705759364;Medio;0,587234722;0,871777778;0,672597639;Medio;0,883684211;0,900950292;0,892317251;Alto;0,854;0,889361111;0,871680556;Alto;0,853869048;0,854166667;Alto
VALLE DEL CAUCA;A411331     ;Agencia;43605;0,166666667;0,333333333;0,166666667;0,083333333;0,25;0;0,083333333;0,083333333;0,416666667;0,416666667;0,083333333;0,166666667;0,083333333;0,166666667;0,5;0,157894737;0,421052632;0,105263158;0,157894737;0,157894737;0;0,105263158;0,105263158;0,368421053;0,421052632;0,105263158;0,105263158;0,421052632;0,105263158;0,263157895;0,85825;0,97452381;0,893132143;Alto;0,877266667;0,984814815;0,909593333;Muy alto;0,915230769;0,987692308;0,9372;Muy alto;0,607072917;0,885666667;0,690651042;Medio;0,662857143;0,778869048;0,720863095;Medio;0,718333333;0,766975309;0,742654321;Medio;0,944871795;0,942307692;Alto
VALLE DEL CAUCA;A41138      ;Agencia;39266;0,333333333;0,111111111;0,111111111;0,166666667;0,277777778;0,111111111;0,166666667;0,111111111;0,555555556;0,055555556;0,055555556;0,055555556;0,222222222;0,222222222;0,444444444;0,260869565;0,130434783;0,173913043;0,260869565;0,173913043;0;0,217391304;0,347826087;0,304347826;0,130434783;0;0,173913043;0,260869565;0,173913043;0,391304348;0,806525238;0,946462585;0,848506442;Alto;0,59305;0,814375;0,66516;Medio;0,5287;0,8429;0,62358;Medio;0,717607955;0,819909091;0,748298295;Medio;0,832727273;0,823944805;0,828336039;Alto;0,935238095;0,921230159;0,928234127;Muy alto;0,936342593;0,956018519;Alto
VALLE DEL CAUCA;A411381     ;Agencia;40269;0,333333333;0,4;0;0,066666667;0,2;0,266666667;0,333333333;0,266666667;0,066666667;0,066666667;0,066666667;0,133333333;0,2;0,266666667;0,333333333;0,25;0,1875;0,1875;0,25;0,125;0,1875;0,1875;0,1875;0,25;0,1875;0;0,0625;0,375;0,0625;0,5;0,832;0,864201681;0,841660504;Alto;0,699125;0,8765625;0,757225;Alto;0,839666667;0,926133333;0,86654;Alto;0,884305556;0,885555556;0,884680556;Alto;0,915714286;0,920535714;0,918125;Muy alto;0,940714286;0,933134921;0,936924603;Muy alto;0,755;0,791666667;Medio
VALLE DEL CAUCA;A41139      ;Agencia;40057;0,263157895;0,157894737;0,105263158;0,210526316;0,263157895;0,210526316;0,263157895;0,210526316;0,157894737;0,157894737;0,052631579;0,157894737;0,263157895;0,263157895;0,263157895;0,260869565;0,260869565;0,260869565;0,130434783;0,086956522;0,086956522;0,260869565;0,217391304;0,304347826;0,130434783;0;0,217391304;0,173913043;0,217391304;0,391304348;0,792735455;0,838766234;0,806544688;Alto;0,640045455;0,81344697;0,697027273;Medio;0,614380952;0,879047619;0,699580952;Medio;0,58218375;0,853;0,663428625;Medio;0,619807692;0,706570513;0,663189103;Medio;0,970416667;0,961400463;0,965908565;Muy alto;0,883101852;0,87962963;Alto
VALLE DEL CAUCA;A411310     ;Agencia;40603;0,277777778;0,055555556;0,222222222;0,222222222;0,222222222;0,111111111;0,277777778;0,055555556;0,333333333;0,222222222;0,055555556;0,111111111;0,166666667;0,111111111;0,555555556;0,166666667;0;0,291666667;0,291666667;0,25;0,125;0,083333333;0,208333333;0,291666667;0,291666667;0,041666667;0;0,208333333;0,125;0,625;0,826578947;0,78481203;0,814048872;Alto;0,5586;0,795763889;0,636365;Medio;0,48493625;0,806875;0,581286625;Bajo;0,740916304;0,788434783;0,755171848;Alto;0,702916667;0,934606481;0,818761574;Alto;0,747272727;0,730176768;0,738724747;Medio;0,814583333;0,8125;Medio
VALLE DEL CAUCA;A411311     ;Agencia;42417;0,363636364;0,227272727;0,181818182;0,181818182;0,045454545;0,181818182;0,227272727;0,318181818;0,090909091;0,181818182;0,136363636;0,090909091;0,318181818;0,136363636;0,318181818;0,3;0,25;0,2;0,1;0,15;0,1;0,35;0,15;0,35;0,05;0;0,05;0,2;0,1;0,65;0,810528261;0,88552795;0,833028168;Alto;0,651818182;0,816098485;0,703940909;Medio;0,6325;0,837142857;0,695421429;Medio;0,572910526;0,808842105;0,64369;Medio;0,8005;0,826875;0,8136875;Alto;0,721052632;0,760745614;0,740899123;Medio;0,881818182;0,892045455;Alto